b'BCS Master Plan (BCS Planner Notebook)',b'Tk.135',b'\xe0\xa6\xae\xe0\xa7\x8b\xe0\xa6\x83 \xe0\xa6\x9c\xe0\xa6\xbe\xe0\xa6\xb9\xe0\xa6\xbf\xe0\xa6\xa6 \xe0\xa6\xb9\xe0\xa6\xbe\xe0\xa6\xb8\xe0\xa6\xbe\xe0\xa6\xa8'
b'Dettol Disinfectant Spray Sanitizer - Spring Blossom Fragrance - 225 ml',b'Tk.315',b'\xe0\xa6\xb0\xe0\xa7\x87\xe0\xa6\x95\xe0\xa6\xbf\xe0\xa6\x9f \xe0\xa6\xac\xe0\xa7\x87\xe0\xa6\xa8\xe0\xa6\x95\xe0\xa6\xbf\xe0\xa6\x9c\xe0\xa6\xbe\xe0\xa6\xb0 \xe0\xa6\x97\xe0\xa7\x8d\xe0\xa6\xb0\xe0\xa7\x81\xe0\xa6\xaa'
b'Fabrilife Premium 5 Layer  Hazel Kids Designer Edition Cotton Mask',b'Tk.220',b'\xe0\xa6\xab\xe0\xa7\x8d\xe0\xa6\xaf\xe0\xa6\xbe\xe0\xa6\xac\xe0\xa7\x8d\xe0\xa6\xb0\xe0\xa6\xbf\xe0\xa6\xb2\xe0\xa6\xbe\xe0\xa6\x87\xe0\xa6\xab'
b'ACI Angelic Air Freshener - Anti Tabac 300ml',b'Tk.215',b'\xe0\xa6\x8f\xe0\xa6\xb8\xe0\xa6\xbf\xe0\xa6\x86\xe0\xa6\x87 \xe0\xa6\xb2\xe0\xa6\xbf\xe0\xa6\xae\xe0\xa6\xbf\xe0\xa6\x9f\xe0\xa7\x87\xe0\xa6\xa1'
b'Savlon Hand Wash Alovera 5 Litre  (Bottle)',b'Tk.990',b'\xe0\xa6\x8f\xe0\xa6\xb8\xe0\xa6\xbf\xe0\xa6\x86\xe0\xa6\x87 \xe0\xa6\xb2\xe0\xa6\xbf\xe0\xa6\xae\xe0\xa6\xbf\xe0\xa6\x9f\xe0\xa7\x87\xe0\xa6\xa1'
"b'\xe0\xa6\x95\xe0\xa6\xac\xe0\xa6\xbf\xe0\xa6\xa4\xe0\xa6\xbe \xe0\xa6\xaf\xe0\xa6\xbe\xe0\xa6\xb0\xe0\xa7\x87 \xe0\xa6\x96\xe0\xa6\xbe\xe0\xa7\x9f, \xe0\xa6\xaa\xe0\xa7\x8d\xe0\xa6\xb2\xe0\xa7\x87\xe0\xa6\x9f-\xe0\xa6\xb8\xe0\xa7\x81\xe0\xa6\xa6\xe0\xa7\x8d\xe0\xa6\xa7\xe0\xa6\xbe \xe0\xa6\x96\xe0\xa6\xbe\xe0\xa7\x9f (\xe0\xa6\xae\xe0\xa6\xbe\xe0\xa6\xb0\xe0\xa6\x9c\xe0\xa7\x81\xe0\xa6\x95 \xe0\xa6\xb0\xe0\xa6\xbe\xe0\xa6\xb8\xe0\xa7\x87\xe0\xa6\xb2\xe0\xa7\x87\xe0\xa6\xb0 \xe0\xa6\x9f\xe0\xa6\xbf-\xe0\xa6\xb6\xe0\xa6\xbe\xe0\xa6\xb0\xe0\xa7\x8d\xe0\xa6\x9f) - Black - L'",b'Tk.400',b'\xe0\xa6\x97\xe0\xa7\x8b\xe0\xa6\xb2\xe0\xa7\x8d\xe0\xa6\xb2\xe0\xa6\xbe'
b'Dettol Famliy Pack Bathing Bar Soap -75gm - Combo (3 Pcs)',b'Tk.114',b'\xe0\xa6\xb0\xe0\xa7\x87\xe0\xa6\x95\xe0\xa6\xbf\xe0\xa6\x9f \xe0\xa6\xac\xe0\xa7\x87\xe0\xa6\xa8\xe0\xa6\x95\xe0\xa6\xbf\xe0\xa6\x9c\xe0\xa6\xbe\xe0\xa6\xb0 \xe0\xa6\x97\xe0\xa7\x8d\xe0\xa6\xb0\xe0\xa7\x81\xe0\xa6\xaa'
b'Dettol Antiseptic Disinfectant Liquid 5L',"b'Tk.1,380'",b'\xe0\xa6\xb0\xe0\xa7\x87\xe0\xa6\x95\xe0\xa6\xbf\xe0\xa6\x9f \xe0\xa6\xac\xe0\xa7\x87\xe0\xa6\xa8\xe0\xa6\x95\xe0\xa6\xbf\xe0\xa6\x9c\xe0\xa6\xbe\xe0\xa6\xb0 \xe0\xa6\x97\xe0\xa7\x8d\xe0\xa6\xb0\xe0\xa7\x81\xe0\xa6\xaa'
b'ACI Angelic Air Freshener - Green Valley 300ml',b'Tk.215',b'\xe0\xa6\x8f\xe0\xa6\xb8\xe0\xa6\xbf\xe0\xa6\x86\xe0\xa6\x87 \xe0\xa6\xb2\xe0\xa6\xbf\xe0\xa6\xae\xe0\xa6\xbf\xe0\xa6\x9f\xe0\xa7\x87\xe0\xa6\xa1'
b'Savlon Hand Wash Ocen Blue 250ml (Bottle)',b'Tk.90',b'\xe0\xa6\x8f\xe0\xa6\xb8\xe0\xa6\xbf\xe0\xa6\x86\xe0\xa6\x87 \xe0\xa6\xb2\xe0\xa6\xbf\xe0\xa6\xae\xe0\xa6\xbf\xe0\xa6\x9f\xe0\xa7\x87\xe0\xa6\xa1'
b'ACI Savlon Antiseptic Liquid Bottle 5 Litre',b'Tk.710',b'\xe0\xa6\x8f\xe0\xa6\xb8\xe0\xa6\xbf\xe0\xa6\x86\xe0\xa6\x87 \xe0\xa6\xb2\xe0\xa6\xbf\xe0\xa6\xae\xe0\xa6\xbf\xe0\xa6\x9f\xe0\xa7\x87\xe0\xa6\xa1'
b'Dettol Handwash Aloe Vera Refill - 170ml - Combo (2 Pcs)',b'Tk.115',b'\xe0\xa6\xb0\xe0\xa7\x87\xe0\xa6\x95\xe0\xa6\xbf\xe0\xa6\x9f \xe0\xa6\xac\xe0\xa7\x87\xe0\xa6\xa8\xe0\xa6\x95\xe0\xa6\xbf\xe0\xa6\x9c\xe0\xa6\xbe\xe0\xa6\xb0 \xe0\xa6\x97\xe0\xa7\x8d\xe0\xa6\xb0\xe0\xa7\x81\xe0\xa6\xaa'
b'Fabrilife Premium 7 Layer Festiva Womens Designer Edition Mask',b'Tk.290',b'\xe0\xa6\xab\xe0\xa7\x8d\xe0\xa6\xaf\xe0\xa6\xbe\xe0\xa6\xac\xe0\xa7\x8d\xe0\xa6\xb0\xe0\xa6\xbf\xe0\xa6\xb2\xe0\xa6\xbe\xe0\xa6\x87\xe0\xa6\xab'
b'Stay Safe Surgical Mask (5 Pcs Poly) - Blue',b'Tk.45',b'\xe0\xa6\x8f\xe0\xa6\xab\xe0\xa6\x8f\xe0\xa6\xae \xe0\xa6\xaa\xe0\xa7\x8d\xe0\xa6\xb2\xe0\xa6\xbe\xe0\xa6\xb8\xe0\xa7\x8d\xe0\xa6\x9f\xe0\xa6\xbf\xe0\xa6\x95\xe0\xa6\xb8 \xe0\xa6\x87\xe0\xa6\xa8\xe0\xa7\x8d\xe0\xa6\xa1\xe0\xa7\x8d\xe0\xa6\xb0\xe0\xa6\xbe\xe0\xa6\x9f\xe0\xa7\x8d\xe0\xa6\xb0\xe0\xa6\xbf\xe0\xa6\xb8'
b'Stay Safe Surgical Mask (10 Pcs Poly) - Blue',b'Tk.79',b'\xe0\xa6\x8f\xe0\xa6\xab\xe0\xa6\x8f\xe0\xa6\xae \xe0\xa6\xaa\xe0\xa7\x8d\xe0\xa6\xb2\xe0\xa6\xbe\xe0\xa6\xb8\xe0\xa7\x8d\xe0\xa6\x9f\xe0\xa6\xbf\xe0\xa6\x95\xe0\xa6\xb8 \xe0\xa6\x87\xe0\xa6\xa8\xe0\xa7\x8d\xe0\xa6\xa1\xe0\xa7\x8d\xe0\xa6\xb0\xe0\xa6\xbe\xe0\xa6\x9f\xe0\xa7\x8d\xe0\xa6\xb0\xe0\xa6\xbf\xe0\xa6\xb8'
b'Fabrilife Premium 7 Layer Aspen Womens Designer Edition Mask',b'Tk.290',b'\xe0\xa6\xab\xe0\xa7\x8d\xe0\xa6\xaf\xe0\xa6\xbe\xe0\xa6\xac\xe0\xa7\x8d\xe0\xa6\xb0\xe0\xa6\xbf\xe0\xa6\xb2\xe0\xa6\xbe\xe0\xa6\x87\xe0\xa6\xab'
"b'Buy Fresh Kids Khata (124 Page) Combo Package 4 Pcs (Bangla, English, Math plain and Margin) Get 4 Pcs Campus Pencil Free - Any Design'",b'Tk.100',b'\xe0\xa6\xab\xe0\xa7\x8d\xe0\xa6\xb0\xe0\xa7\x87\xe0\xa6\xb6 \xe0\xa6\xb8\xe0\xa7\x8d\xe0\xa6\x9f\xe0\xa7\x87\xe0\xa6\xb6\xe0\xa6\xa8\xe0\xa6\xbe\xe0\xa6\xb0\xe0\xa7\x80'
b'WY Artist Brush - 12 brushes',b'Tk.160',b'\xe0\xa6\xb9\xe0\xa7\x83\xe0\xa6\xa6 (\xe0\xa6\x9a\xe0\xa6\xbe\xe0\xa7\x9f\xe0\xa6\xa8\xe0\xa6\xbe \xe0\xa6\xb8\xe0\xa6\xbe\xe0\xa6\xaa\xe0\xa7\x8d\xe0\xa6\xb2\xe0\xa6\xbe\xe0\xa6\x87\xe0\xa7\x9f\xe0\xa6\xbe\xe0\xa6\xb0)'
"b""Qytoys Speed Rubik's Cube (3x3x3)-1 pcs""",b'Tk.150',b'\xe0\xa6\xb9\xe0\xa7\x83\xe0\xa6\xa6 (\xe0\xa6\x9a\xe0\xa6\xbe\xe0\xa7\x9f\xe0\xa6\xa8\xe0\xa6\xbe \xe0\xa6\xb8\xe0\xa6\xbe\xe0\xa6\xaa\xe0\xa7\x8d\xe0\xa6\xb2\xe0\xa6\xbe\xe0\xa6\x87\xe0\xa7\x9f\xe0\xa6\xbe\xe0\xa6\xb0)'
b'Travel Air Neck Pillow with eye Musk and Ear holes closer (Any Color) - 1 Pcs',b'Tk.150',b'Rainbow'
b'Travel Air Pillow (Balis Type - Any Color)',b'Tk.200',b'Rainbow'
b'Fabrilife Premium 5 Layer Spider Kids Designer Edition Cotton Mask',b'Tk.220',b'\xe0\xa6\xab\xe0\xa7\x8d\xe0\xa6\xaf\xe0\xa6\xbe\xe0\xa6\xac\xe0\xa7\x8d\xe0\xa6\xb0\xe0\xa6\xbf\xe0\xa6\xb2\xe0\xa6\xbe\xe0\xa6\x87\xe0\xa6\xab'
"b""Yuxin Magic Rubik's Cube (3x3x3)-1 pcs""",b'Tk.100',b'\xe0\xa6\xb9\xe0\xa7\x83\xe0\xa6\xa6 (\xe0\xa6\x9a\xe0\xa6\xbe\xe0\xa7\x9f\xe0\xa6\xa8\xe0\xa6\xbe \xe0\xa6\xb8\xe0\xa6\xbe\xe0\xa6\xaa\xe0\xa7\x8d\xe0\xa6\xb2\xe0\xa6\xbe\xe0\xa6\x87\xe0\xa7\x9f\xe0\xa6\xbe\xe0\xa6\xb0)'
"b'Atlas Junior Combo Package -2 (Focus Pencil-12 Pcs, Half Color Pencil-12, Glue Pen-1 Pcs, Sharpener-1 Pcs, Eraser-1 Pcs)'",b'Tk.160',b'\xe0\xa6\x8f\xe0\xa6\x9f\xe0\xa6\xb2\xe0\xa6\xbe\xe0\xa6\xb8 \xe0\xa6\x8f\xe0\xa6\x95\xe0\xa7\x8d\xe0\xa6\xb8\xe0\xa6\xbf\xe0\xa6\xb2\xe0\xa6\xbf\xe0\xa6\xaf\xe0\xa6\xbc\xe0\xa6\xbe \xe0\xa6\x95\xe0\xa7\x8b.\xe0\xa6\xaa\xe0\xa7\x8d\xe0\xa6\xb0\xe0\xa6\xbe\xe0\xa6\x87.\xe0\xa6\xb2\xe0\xa6\xbf\xe0\xa6\x83'
"b'Atlas Junior Combo Package -1 (Smart Pencil-12 Pcs, Color Pencil-12, Glue Pen-1 Pcs, Sharpener-1 Pcs, Eraser-1 Pcs)'",b'Tk.295',b'\xe0\xa6\x8f\xe0\xa6\x9f\xe0\xa6\xb2\xe0\xa6\xbe\xe0\xa6\xb8 \xe0\xa6\x8f\xe0\xa6\x95\xe0\xa7\x8d\xe0\xa6\xb8\xe0\xa6\xbf\xe0\xa6\xb2\xe0\xa6\xbf\xe0\xa6\xaf\xe0\xa6\xbc\xe0\xa6\xbe \xe0\xa6\x95\xe0\xa7\x8b.\xe0\xa6\xaa\xe0\xa7\x8d\xe0\xa6\xb0\xe0\xa6\xbe\xe0\xa6\x87.\xe0\xa6\xb2\xe0\xa6\xbf\xe0\xa6\x83'
b'Derma Plus Handwash Rose - 250 ml',b'Tk.130',b'\xe0\xa6\x87\xe0\xa6\x89\xe0\xa6\xa8\xe0\xa6\xbf\xe0\xa6\x97\xe0\xa7\x8d\xe0\xa6\xb2\xe0\xa7\x8b \xe0\xa6\x95\xe0\xa6\xb8\xe0\xa6\xae\xe0\xa7\x87\xe0\xa6\x9f\xe0\xa6\xbf\xe0\xa6\x95\xe0\xa6\xb8 \xe0\xa6\x8f\xe0\xa6\xa8\xe0\xa7\x8d\xe0\xa6\xa1 \xe0\xa6\x9f\xe0\xa7\x9f\xe0\xa6\xb2\xe0\xa7\x87\xe0\xa6\x9f\xe0\xa7\x8d\xe0\xa6\xb0\xe0\xa6\xbf\xe0\xa6\x9c'
b'Sepnil Instant Hand Sanitizer - 200 ml',b'Tk.185',b'\xe0\xa6\xb8\xe0\xa7\x8d\xe0\xa6\x95\xe0\xa7\x9f\xe0\xa6\xbe\xe0\xa6\xb0 \xe0\xa6\x9f\xe0\xa7\x9f\xe0\xa6\xb2\xe0\xa7\x87\xe0\xa6\x9f\xe0\xa7\x8d\xe0\xa6\xb0\xe0\xa6\xbf\xe0\xa6\x9c \xe0\xa6\xb2\xe0\xa6\xbf\xe0\xa6\x83'
b'Fevicryl Acrylic Colours (DARK ULTRAMARINE) - 200 ml',b'Tk.200',b'\xe0\xa6\xaa\xe0\xa6\xbf\xe0\xa6\xa1\xe0\xa6\xbf\xe0\xa6\xb2\xe0\xa6\xbf\xe0\xa6\x9f \xe0\xa6\xb8\xe0\xa7\x8d\xe0\xa6\xaa\xe0\xa7\x87\xe0\xa6\xb6\xe0\xa6\xbe\xe0\xa6\xb2\xe0\xa6\xbf\xe0\xa6\x9f\xe0\xa6\xbf \xe0\xa6\x95\xe0\xa7\x87\xe0\xa6\xae\xe0\xa6\xbf\xe0\xa6\x95\xe0\xa7\x8d\xe0\xa6\xaf\xe0\xa6\xbe\xe0\xa6\xb2\xe0\xa6\xb8 (\xe0\xa6\xac\xe0\xa6\xbf\xe0\xa6\xa1\xe0\xa6\xbf) \xe0\xa6\xaa\xe0\xa7\x8d\xe0\xa6\xb0\xe0\xa6\xbe\xe0\xa6\x87\xe0\xa6\xad\xe0\xa7\x87\xe0\xa6\x9f \xe0\xa6\xb2\xe0\xa6\xbf:'
b'Fevicryl Fabric Glue - 30 ml (Cone Pack)',b'Tk.25',b'\xe0\xa6\xaa\xe0\xa6\xbf\xe0\xa6\xa1\xe0\xa6\xbf\xe0\xa6\xb2\xe0\xa6\xbf\xe0\xa6\x9f \xe0\xa6\xb8\xe0\xa7\x8d\xe0\xa6\xaa\xe0\xa7\x87\xe0\xa6\xb6\xe0\xa6\xbe\xe0\xa6\xb2\xe0\xa6\xbf\xe0\xa6\x9f\xe0\xa6\xbf \xe0\xa6\x95\xe0\xa7\x87\xe0\xa6\xae\xe0\xa6\xbf\xe0\xa6\x95\xe0\xa7\x8d\xe0\xa6\xaf\xe0\xa6\xbe\xe0\xa6\xb2\xe0\xa6\xb8 (\xe0\xa6\xac\xe0\xa6\xbf\xe0\xa6\xa1\xe0\xa6\xbf) \xe0\xa6\xaa\xe0\xa7\x8d\xe0\xa6\xb0\xe0\xa6\xbe\xe0\xa6\x87\xe0\xa6\xad\xe0\xa7\x87\xe0\xa6\x9f \xe0\xa6\xb2\xe0\xa6\xbf:'
b'Fevicryl Glass Colour Kit (water Based) - 115 ml',b'Tk.200',b'\xe0\xa6\xaa\xe0\xa6\xbf\xe0\xa6\xa1\xe0\xa6\xbf\xe0\xa6\xb2\xe0\xa6\xbf\xe0\xa6\x9f \xe0\xa6\xb8\xe0\xa7\x8d\xe0\xa6\xaa\xe0\xa7\x87\xe0\xa6\xb6\xe0\xa6\xbe\xe0\xa6\xb2\xe0\xa6\xbf\xe0\xa6\x9f\xe0\xa6\xbf \xe0\xa6\x95\xe0\xa7\x87\xe0\xa6\xae\xe0\xa6\xbf\xe0\xa6\x95\xe0\xa7\x8d\xe0\xa6\xaf\xe0\xa6\xbe\xe0\xa6\xb2\xe0\xa6\xb8 (\xe0\xa6\xac\xe0\xa6\xbf\xe0\xa6\xa1\xe0\xa6\xbf) \xe0\xa6\xaa\xe0\xa7\x8d\xe0\xa6\xb0\xe0\xa6\xbe\xe0\xa6\x87\xe0\xa6\xad\xe0\xa7\x87\xe0\xa6\x9f \xe0\xa6\xb2\xe0\xa6\xbf:'
b'Acron Students\xe2\x80\x99 Poster Colours Lilliput Kit -60 ml (10ml bottles of 6 shades)',b'Tk.125',b'\xe0\xa6\xaa\xe0\xa6\xbf\xe0\xa6\xa1\xe0\xa6\xbf\xe0\xa6\xb2\xe0\xa6\xbf\xe0\xa6\x9f \xe0\xa6\xb8\xe0\xa7\x8d\xe0\xa6\xaa\xe0\xa7\x87\xe0\xa6\xb6\xe0\xa6\xbe\xe0\xa6\xb2\xe0\xa6\xbf\xe0\xa6\x9f\xe0\xa6\xbf \xe0\xa6\x95\xe0\xa7\x87\xe0\xa6\xae\xe0\xa6\xbf\xe0\xa6\x95\xe0\xa7\x8d\xe0\xa6\xaf\xe0\xa6\xbe\xe0\xa6\xb2\xe0\xa6\xb8 (\xe0\xa6\xac\xe0\xa6\xbf\xe0\xa6\xa1\xe0\xa6\xbf) \xe0\xa6\xaa\xe0\xa7\x8d\xe0\xa6\xb0\xe0\xa6\xbe\xe0\xa6\x87\xe0\xa6\xad\xe0\xa7\x87\xe0\xa6\x9f \xe0\xa6\xb2\xe0\xa6\xbf:'
b'Fevistik Super Glue Stick - 22 gm',b'Tk.65',b'\xe0\xa6\xaa\xe0\xa6\xbf\xe0\xa6\xa1\xe0\xa6\xbf\xe0\xa6\xb2\xe0\xa6\xbf\xe0\xa6\x9f \xe0\xa6\xb8\xe0\xa7\x8d\xe0\xa6\xaa\xe0\xa7\x87\xe0\xa6\xb6\xe0\xa6\xbe\xe0\xa6\xb2\xe0\xa6\xbf\xe0\xa6\x9f\xe0\xa6\xbf \xe0\xa6\x95\xe0\xa7\x87\xe0\xa6\xae\xe0\xa6\xbf\xe0\xa6\x95\xe0\xa7\x8d\xe0\xa6\xaf\xe0\xa6\xbe\xe0\xa6\xb2\xe0\xa6\xb8 (\xe0\xa6\xac\xe0\xa6\xbf\xe0\xa6\xa1\xe0\xa6\xbf) \xe0\xa6\xaa\xe0\xa7\x8d\xe0\xa6\xb0\xe0\xa6\xbe\xe0\xa6\x87\xe0\xa6\xad\xe0\xa7\x87\xe0\xa6\x9f \xe0\xa6\xb2\xe0\xa6\xbf:'
b'Al-Nuaim Perfume Spary SWISS FIRDAUS - 200 ml (Alcohol Free)',b'Tk.285',b'Al-Nuaim'
b'Valentine Gift Voucher',b'Tk. 500 - 10000',b'Rokomari product'
b'Happy Birthday Gift Voucher',b'Tk. 500 - 10000',b'Rokomari product'
b'Fabrilife Premium 7 Layer cotton face Mask  - Denim Color',b'Tk.270',b'\xe0\xa6\xab\xe0\xa7\x8d\xe0\xa6\xaf\xe0\xa6\xbe\xe0\xa6\xac\xe0\xa7\x8d\xe0\xa6\xb0\xe0\xa6\xbf\xe0\xa6\xb2\xe0\xa6\xbe\xe0\xa6\x87\xe0\xa6\xab'
b'Fabrilife Premium 7 Layer cotton face Mask  - Grey ST Color',b'Tk.270',b'\xe0\xa6\xab\xe0\xa7\x8d\xe0\xa6\xaf\xe0\xa6\xbe\xe0\xa6\xac\xe0\xa7\x8d\xe0\xa6\xb0\xe0\xa6\xbf\xe0\xa6\xb2\xe0\xa6\xbe\xe0\xa6\x87\xe0\xa6\xab'
b'Fabrilife Premium 7 Layer cotton face Mask - Grey Color',b'Tk.271',b'\xe0\xa6\xab\xe0\xa7\x8d\xe0\xa6\xaf\xe0\xa6\xbe\xe0\xa6\xac\xe0\xa7\x8d\xe0\xa6\xb0\xe0\xa6\xbf\xe0\xa6\xb2\xe0\xa6\xbe\xe0\xa6\x87\xe0\xa6\xab'
b'Dr. Rhazes Antibacterial and Virucidal Wet Wipes - 40 sheets/pack',b'Tk.200',b'\xe0\xa6\xa1\xe0\xa6\xbe\xe0\xa6\x83 \xe0\xa6\xb0\xe0\xa6\xbe\xe0\xa6\xaf\xe0\xa7\x87\xe0\xa6\xb8\xe0\xa7\x8d'
b'Fabrilife Premium 7 Layer cotton face Mask - White Color',b'Tk.270',b'\xe0\xa6\xab\xe0\xa7\x8d\xe0\xa6\xaf\xe0\xa6\xbe\xe0\xa6\xac\xe0\xa7\x8d\xe0\xa6\xb0\xe0\xa6\xbf\xe0\xa6\xb2\xe0\xa6\xbe\xe0\xa6\x87\xe0\xa6\xab'
b'Fabrilife Premium 7 Layer cotton face Mask - Royal Blue Color',b'Tk.270',b'\xe0\xa6\xab\xe0\xa7\x8d\xe0\xa6\xaf\xe0\xa6\xbe\xe0\xa6\xac\xe0\xa7\x8d\xe0\xa6\xb0\xe0\xa6\xbf\xe0\xa6\xb2\xe0\xa6\xbe\xe0\xa6\x87\xe0\xa6\xab'
b'Fabrilife Premium 7 Layer cotton face Mask - Rose Pink Color',b'Tk.270',b'\xe0\xa6\xab\xe0\xa7\x8d\xe0\xa6\xaf\xe0\xa6\xbe\xe0\xa6\xac\xe0\xa7\x8d\xe0\xa6\xb0\xe0\xa6\xbf\xe0\xa6\xb2\xe0\xa6\xbe\xe0\xa6\x87\xe0\xa6\xab'
b'Fabrilife Premium 7 Layer cotton face Mask - Red Color',b'Tk.270',b'\xe0\xa6\xab\xe0\xa7\x8d\xe0\xa6\xaf\xe0\xa6\xbe\xe0\xa6\xac\xe0\xa7\x8d\xe0\xa6\xb0\xe0\xa6\xbf\xe0\xa6\xb2\xe0\xa6\xbe\xe0\xa6\x87\xe0\xa6\xab'
b'Fabrilife Premium 7 Layer cotton face Mask - Red Wine Color',b'Tk.270',b'\xe0\xa6\xab\xe0\xa7\x8d\xe0\xa6\xaf\xe0\xa6\xbe\xe0\xa6\xac\xe0\xa7\x8d\xe0\xa6\xb0\xe0\xa6\xbf\xe0\xa6\xb2\xe0\xa6\xbe\xe0\xa6\x87\xe0\xa6\xab'
b'Fabrilife Premium 7 Layer cotton face Mask - Purple Color',b'Tk.270',b'\xe0\xa6\xab\xe0\xa7\x8d\xe0\xa6\xaf\xe0\xa6\xbe\xe0\xa6\xac\xe0\xa7\x8d\xe0\xa6\xb0\xe0\xa6\xbf\xe0\xa6\xb2\xe0\xa6\xbe\xe0\xa6\x87\xe0\xa6\xab'
b'Fabrilife Premium 7 Layer cotton face Mask - Pink Color',b'Tk.270',b'\xe0\xa6\xab\xe0\xa7\x8d\xe0\xa6\xaf\xe0\xa6\xbe\xe0\xa6\xac\xe0\xa7\x8d\xe0\xa6\xb0\xe0\xa6\xbf\xe0\xa6\xb2\xe0\xa6\xbe\xe0\xa6\x87\xe0\xa6\xab'
b'Fabrilife Premium 7 Layer cotton face Mask - Navy Color',b'Tk.270',b'\xe0\xa6\xab\xe0\xa7\x8d\xe0\xa6\xaf\xe0\xa6\xbe\xe0\xa6\xac\xe0\xa7\x8d\xe0\xa6\xb0\xe0\xa6\xbf\xe0\xa6\xb2\xe0\xa6\xbe\xe0\xa6\x87\xe0\xa6\xab'
b'Fabrilife Premium 7 Layer cotton face Mask - Green Color',b'Tk.270',b'\xe0\xa6\xab\xe0\xa7\x8d\xe0\xa6\xaf\xe0\xa6\xbe\xe0\xa6\xac\xe0\xa7\x8d\xe0\xa6\xb0\xe0\xa6\xbf\xe0\xa6\xb2\xe0\xa6\xbe\xe0\xa6\x87\xe0\xa6\xab'
b'Fabrilife Premium 7 Layer cotton face Mask - Charcoal Color',b'Tk.270',b'\xe0\xa6\xab\xe0\xa7\x8d\xe0\xa6\xaf\xe0\xa6\xbe\xe0\xa6\xac\xe0\xa7\x8d\xe0\xa6\xb0\xe0\xa6\xbf\xe0\xa6\xb2\xe0\xa6\xbe\xe0\xa6\x87\xe0\xa6\xab'
b'Fabrilife Premium 7 Layer cotton face Mask - Black Color',b'Tk.270',b'\xe0\xa6\xab\xe0\xa7\x8d\xe0\xa6\xaf\xe0\xa6\xbe\xe0\xa6\xac\xe0\xa7\x8d\xe0\xa6\xb0\xe0\xa6\xbf\xe0\xa6\xb2\xe0\xa6\xbe\xe0\xa6\x87\xe0\xa6\xab'
b'Pen Spray Bottle Without Liquid - 1 Pcs - White - 10 ml',b'Tk.30',b'\xe0\xa6\xb9\xe0\xa7\x83\xe0\xa6\xa6 (\xe0\xa6\x9a\xe0\xa6\xbe\xe0\xa7\x9f\xe0\xa6\xa8\xe0\xa6\xbe \xe0\xa6\xb8\xe0\xa6\xbe\xe0\xa6\xaa\xe0\xa7\x8d\xe0\xa6\xb2\xe0\xa6\xbe\xe0\xa6\x87\xe0\xa7\x9f\xe0\xa6\xbe\xe0\xa6\xb0)'
b'Dr. Rhazes Ultra Protect Gel (2 Hour Protection) - 100 ml',b'Tk.130',b'\xe0\xa6\xa1\xe0\xa6\xbe\xe0\xa6\x83 \xe0\xa6\xb0\xe0\xa6\xbe\xe0\xa6\xaf\xe0\xa7\x87\xe0\xa6\xb8\xe0\xa7\x8d'
b'LAFZ Germ Kill Hand Gel - 100 ml',b'Tk.100',b'\xe0\xa6\xb2\xe0\xa6\xbe\xe0\xa6\xab\xe0\xa6\x9c'
b'Dr. Rhazes 7 day Surface Disinfectant Shield-Spray',b'Tk.400',b'\xe0\xa6\xa1\xe0\xa6\xbe\xe0\xa6\x83 \xe0\xa6\xb0\xe0\xa6\xbe\xe0\xa6\xaf\xe0\xa7\x87\xe0\xa6\xb8\xe0\xa7\x8d'
b'Dr. Rhazes Germ Kill Spray Foam',b'Tk.250',b'\xe0\xa6\xa1\xe0\xa6\xbe\xe0\xa6\x83 \xe0\xa6\xb0\xe0\xa6\xbe\xe0\xa6\xaf\xe0\xa7\x87\xe0\xa6\xb8\xe0\xa7\x8d'
b'ZM LABS  Lemon Hand Sanitizer Gel - 85 ml',b'Tk.85',b'\xe0\xa6\x9c\xe0\xa7\x87\xe0\xa6\xa1 \xe0\xa6\x8f\xe0\xa6\xae \xe0\xa6\xb2\xe0\xa7\x8d\xe0\xa6\xaf\xe0\xa6\xbe\xe0\xa6\xac\xe0\xa6\xb8\xe0\xa7\x8d'
b'ZM LABS Orange Hand Sanitizer Gel - 85 ml',b'Tk.85',b'\xe0\xa6\x9c\xe0\xa7\x87\xe0\xa6\xa1 \xe0\xa6\x8f\xe0\xa6\xae \xe0\xa6\xb2\xe0\xa7\x8d\xe0\xa6\xaf\xe0\xa6\xbe\xe0\xa6\xac\xe0\xa6\xb8\xe0\xa7\x8d'
b'Individually Seal Packed 3-Layer China Surgical Mask - 1 Pcs',b'Tk.40',b'\xe0\xa6\xae\xe0\xa7\x87\xe0\xa6\xa1\xe0\xa6\xbf\xe0\xa6\x9f\xe0\xa6\xaa'
b'Lifebuoy Hand Sanitizer - 100 ml',b'Tk.130',b'\xe0\xa6\x87\xe0\xa6\x89\xe0\xa6\xa8\xe0\xa6\xbf\xe0\xa6\xb2\xe0\xa6\xbf\xe0\xa6\xad\xe0\xa6\xbe\xe0\xa6\xb0 \xe0\xa6\xac\xe0\xa6\xbe\xe0\xa6\x82\xe0\xa6\xb2\xe0\xa6\xbe\xe0\xa6\xa6\xe0\xa7\x87\xe0\xa6\xb6'
b'Lifebuoy Handwash TOTAL (refill) - 480 ml',b'Tk.175',b'\xe0\xa6\x87\xe0\xa6\x89\xe0\xa6\xa8\xe0\xa6\xbf\xe0\xa6\xb2\xe0\xa6\xbf\xe0\xa6\xad\xe0\xa6\xbe\xe0\xa6\xb0 \xe0\xa6\xac\xe0\xa6\xbe\xe0\xa6\x82\xe0\xa6\xb2\xe0\xa6\xbe\xe0\xa6\xa6\xe0\xa7\x87\xe0\xa6\xb6'
b'Derma Plus Hand Sanitizer - 50 ml',b'Tk.90',b'\xe0\xa6\x87\xe0\xa6\x89\xe0\xa6\xa8\xe0\xa6\xbf\xe0\xa6\x97\xe0\xa7\x8d\xe0\xa6\xb2\xe0\xa7\x8b \xe0\xa6\x95\xe0\xa6\xb8\xe0\xa6\xae\xe0\xa7\x87\xe0\xa6\x9f\xe0\xa6\xbf\xe0\xa6\x95\xe0\xa6\xb8 \xe0\xa6\x8f\xe0\xa6\xa8\xe0\xa7\x8d\xe0\xa6\xa1 \xe0\xa6\x9f\xe0\xa7\x9f\xe0\xa6\xb2\xe0\xa7\x87\xe0\xa6\x9f\xe0\xa7\x8d\xe0\xa6\xb0\xe0\xa6\xbf\xe0\xa6\x9c'
b'Derma Plus Handwash Lemon - 250 ml',b'Tk.130',b'\xe0\xa6\x87\xe0\xa6\x89\xe0\xa6\xa8\xe0\xa6\xbf\xe0\xa6\x97\xe0\xa7\x8d\xe0\xa6\xb2\xe0\xa7\x8b \xe0\xa6\x95\xe0\xa6\xb8\xe0\xa6\xae\xe0\xa7\x87\xe0\xa6\x9f\xe0\xa6\xbf\xe0\xa6\x95\xe0\xa6\xb8 \xe0\xa6\x8f\xe0\xa6\xa8\xe0\xa7\x8d\xe0\xa6\xa1 \xe0\xa6\x9f\xe0\xa7\x9f\xe0\xa6\xb2\xe0\xa7\x87\xe0\xa6\x9f\xe0\xa7\x8d\xe0\xa6\xb0\xe0\xa6\xbf\xe0\xa6\x9c'
b'Lifebuoy Handwash CARE (refill) -170 ml',b'Tk.60',b'\xe0\xa6\x87\xe0\xa6\x89\xe0\xa6\xa8\xe0\xa6\xbf\xe0\xa6\xb2\xe0\xa6\xbf\xe0\xa6\xad\xe0\xa6\xbe\xe0\xa6\xb0 \xe0\xa6\xac\xe0\xa6\xbe\xe0\xa6\x82\xe0\xa6\xb2\xe0\xa6\xbe\xe0\xa6\xa6\xe0\xa7\x87\xe0\xa6\xb6'
b'Lifebuoy Handwash LEMON FRESH (refill) -170 ml',b'Tk.60',b'\xe0\xa6\x87\xe0\xa6\x89\xe0\xa6\xa8\xe0\xa6\xbf\xe0\xa6\xb2\xe0\xa6\xbf\xe0\xa6\xad\xe0\xa6\xbe\xe0\xa6\xb0 \xe0\xa6\xac\xe0\xa6\xbe\xe0\xa6\x82\xe0\xa6\xb2\xe0\xa6\xbe\xe0\xa6\xa6\xe0\xa7\x87\xe0\xa6\xb6'
b'Sepnil Extra Mild Handwash (refill) - Tea Oil -180 ml',b'Tk.55',b'\xe0\xa6\xb8\xe0\xa7\x8d\xe0\xa6\x95\xe0\xa7\x9f\xe0\xa6\xbe\xe0\xa6\xb0 \xe0\xa6\x9f\xe0\xa7\x9f\xe0\xa6\xb2\xe0\xa7\x87\xe0\xa6\x9f\xe0\xa7\x8d\xe0\xa6\xb0\xe0\xa6\xbf\xe0\xa6\x9c \xe0\xa6\xb2\xe0\xa6\xbf\xe0\xa6\x83'
b'Sepnil Extra Mild Hand wash - Tea Oil - 200 ml',b'Tk.90',b'\xe0\xa6\xb8\xe0\xa7\x8d\xe0\xa6\x95\xe0\xa7\x9f\xe0\xa6\xbe\xe0\xa6\xb0 \xe0\xa6\x9f\xe0\xa7\x9f\xe0\xa6\xb2\xe0\xa7\x87\xe0\xa6\x9f\xe0\xa7\x8d\xe0\xa6\xb0\xe0\xa6\xbf\xe0\xa6\x9c \xe0\xa6\xb2\xe0\xa6\xbf\xe0\xa6\x83'
b'Sepnil Extra Mild Handwash (refill) - Marigold - 180 ml',b'Tk.55',b'\xe0\xa6\xb8\xe0\xa7\x8d\xe0\xa6\x95\xe0\xa7\x9f\xe0\xa6\xbe\xe0\xa6\xb0 \xe0\xa6\x9f\xe0\xa7\x9f\xe0\xa6\xb2\xe0\xa7\x87\xe0\xa6\x9f\xe0\xa7\x8d\xe0\xa6\xb0\xe0\xa6\xbf\xe0\xa6\x9c \xe0\xa6\xb2\xe0\xa6\xbf\xe0\xa6\x83'
b'Sepnil Extra Mild Handwash -Marigold - 200 ml',b'Tk.90',b'\xe0\xa6\xb8\xe0\xa7\x8d\xe0\xa6\x95\xe0\xa7\x9f\xe0\xa6\xbe\xe0\xa6\xb0 \xe0\xa6\x9f\xe0\xa7\x9f\xe0\xa6\xb2\xe0\xa7\x87\xe0\xa6\x9f\xe0\xa7\x8d\xe0\xa6\xb0\xe0\xa6\xbf\xe0\xa6\x9c \xe0\xa6\xb2\xe0\xa6\xbf\xe0\xa6\x83'
b'Sepnil Hand Sanitizer - 5 Litre',"b'Tk.2,600'",b'\xe0\xa6\xb8\xe0\xa7\x8d\xe0\xa6\x95\xe0\xa7\x9f\xe0\xa6\xbe\xe0\xa6\xb0 \xe0\xa6\x9f\xe0\xa7\x9f\xe0\xa6\xb2\xe0\xa7\x87\xe0\xa6\x9f\xe0\xa7\x8d\xe0\xa6\xb0\xe0\xa6\xbf\xe0\xa6\x9c \xe0\xa6\xb2\xe0\xa6\xbf\xe0\xa6\x83'
b'Surgical Hand Gloves White Color (50 Pairs -1 Box) - M Size',"b'Tk.1,200'",b'\xe0\xa6\xb9\xe0\xa7\x83\xe0\xa6\xa6 (\xe0\xa6\x9a\xe0\xa6\xbe\xe0\xa7\x9f\xe0\xa6\xa8\xe0\xa6\xbe \xe0\xa6\xb8\xe0\xa6\xbe\xe0\xa6\xaa\xe0\xa7\x8d\xe0\xa6\xb2\xe0\xa6\xbe\xe0\xa6\x87\xe0\xa7\x9f\xe0\xa6\xbe\xe0\xa6\xb0)'
b'Disposable Head Cover - 5 Pcs - Blue',b'Tk.50',b'\xe0\xa6\xb9\xe0\xa7\x83\xe0\xa6\xa6 (\xe0\xa6\x9a\xe0\xa6\xbe\xe0\xa7\x9f\xe0\xa6\xa8\xe0\xa6\xbe \xe0\xa6\xb8\xe0\xa6\xbe\xe0\xa6\xaa\xe0\xa7\x8d\xe0\xa6\xb2\xe0\xa6\xbe\xe0\xa6\x87\xe0\xa7\x9f\xe0\xa6\xbe\xe0\xa6\xb0)'
b'Face Shield - 01 Pcs',b'Tk.80',b'\xe0\xa6\xb9\xe0\xa7\x83\xe0\xa6\xa6 (\xe0\xa6\x9a\xe0\xa6\xbe\xe0\xa7\x9f\xe0\xa6\xa8\xe0\xa6\xbe \xe0\xa6\xb8\xe0\xa6\xbe\xe0\xa6\xaa\xe0\xa7\x8d\xe0\xa6\xb2\xe0\xa6\xbe\xe0\xa6\x87\xe0\xa7\x9f\xe0\xa6\xbe\xe0\xa6\xb0)'
b'Anti-fogging Goggles - Eye Protector - 01 Pcs',b'Tk.300',b'\xe0\xa6\xb9\xe0\xa7\x83\xe0\xa6\xa6 (\xe0\xa6\x9a\xe0\xa6\xbe\xe0\xa7\x9f\xe0\xa6\xa8\xe0\xa6\xbe \xe0\xa6\xb8\xe0\xa6\xbe\xe0\xa6\xaa\xe0\xa7\x8d\xe0\xa6\xb2\xe0\xa6\xbe\xe0\xa6\x87\xe0\xa7\x9f\xe0\xa6\xbe\xe0\xa6\xb0)'
"b'Matador Surgical Mask (3 ply with high quality filter, nose pin) - 2 Box (50 Pcs)'",b'Tk.450',b'Matador Group'
b'Dettol Anti Bacterial Wet Wipes - 10 Pcs',b'Tk.65',b'\xe0\xa6\xb0\xe0\xa7\x87\xe0\xa6\x95\xe0\xa6\xbf\xe0\xa6\x9f \xe0\xa6\xac\xe0\xa7\x87\xe0\xa6\xa8\xe0\xa6\x95\xe0\xa6\xbf\xe0\xa6\x9c\xe0\xa6\xbe\xe0\xa6\xb0 \xe0\xa6\x97\xe0\xa7\x8d\xe0\xa6\xb0\xe0\xa7\x81\xe0\xa6\xaa'
b'Dettol Disinfectant Spray Sanitizer - Original Pine Fragrance - 225 ml',b'Tk.315',b'\xe0\xa6\xb0\xe0\xa7\x87\xe0\xa6\x95\xe0\xa6\xbf\xe0\xa6\x9f \xe0\xa6\xac\xe0\xa7\x87\xe0\xa6\xa8\xe0\xa6\x95\xe0\xa6\xbf\xe0\xa6\x9c\xe0\xa6\xbe\xe0\xa6\xb0 \xe0\xa6\x97\xe0\xa7\x8d\xe0\xa6\xb0\xe0\xa7\x81\xe0\xa6\xaa'
b'Dettol Handwash Re-energize - 5 Liter',"b'Tk.1,350'",b'\xe0\xa6\xb0\xe0\xa7\x87\xe0\xa6\x95\xe0\xa6\xbf\xe0\xa6\x9f \xe0\xa6\xac\xe0\xa7\x87\xe0\xa6\xa8\xe0\xa6\x95\xe0\xa6\xbf\xe0\xa6\x9c\xe0\xa6\xbe\xe0\xa6\xb0 \xe0\xa6\x97\xe0\xa7\x8d\xe0\xa6\xb0\xe0\xa7\x81\xe0\xa6\xaa'
b'Dettol Handwash Re-energize - 750 ml',b'Tk.250',b'\xe0\xa6\xb0\xe0\xa7\x87\xe0\xa6\x95\xe0\xa6\xbf\xe0\xa6\x9f \xe0\xa6\xac\xe0\xa7\x87\xe0\xa6\xa8\xe0\xa6\x95\xe0\xa6\xbf\xe0\xa6\x9c\xe0\xa6\xbe\xe0\xa6\xb0 \xe0\xa6\x97\xe0\xa7\x8d\xe0\xa6\xb0\xe0\xa7\x81\xe0\xa6\xaa'
"b""Heart's Executive DIARY - 2021 (Choclate Color)""",b'Tk.480',b'Hearts Bangladesh'
"b""Heart's Executive DIARY - 2021 (Black and Grey Color - Joint Design)""",b'Tk.400',b'Hearts Bangladesh'
"b""Heart's Executive DIARY - 2021 (Black Color - Joint Design)""",b'Tk.480',b'Hearts Bangladesh'
"b""Heart's Executive DIARY - 2021 (Black Color - Joint Design)""",b'Tk.400',b'Hearts Bangladesh'
"b""Heart's Executive DIARY - 2021 (Black Color - End Stitching Design)""",b'Tk.400',b'Hearts Bangladesh'
"b""Heart's Executive DIARY - 2021 (Black and Choclate Color)""",b'Tk.400',b'Hearts Bangladesh'
b'Derma Plus Handwash Levender - 250 ml',b'Tk.130',b'\xe0\xa6\x87\xe0\xa6\x89\xe0\xa6\xa8\xe0\xa6\xbf\xe0\xa6\x97\xe0\xa7\x8d\xe0\xa6\xb2\xe0\xa7\x8b \xe0\xa6\x95\xe0\xa6\xb8\xe0\xa6\xae\xe0\xa7\x87\xe0\xa6\x9f\xe0\xa6\xbf\xe0\xa6\x95\xe0\xa6\xb8 \xe0\xa6\x8f\xe0\xa6\xa8\xe0\xa7\x8d\xe0\xa6\xa1 \xe0\xa6\x9f\xe0\xa7\x9f\xe0\xa6\xb2\xe0\xa7\x87\xe0\xa6\x9f\xe0\xa7\x8d\xe0\xa6\xb0\xe0\xa6\xbf\xe0\xa6\x9c'
b'Redleaf Legal Diary (Brown) - 2021 (For 1 Year)',b'Tk.500',b'\xe0\xa6\xb0\xe0\xa7\x87\xe0\xa6\xa1\xe0\xa6\xb2\xe0\xa6\xbf\xe0\xa6\xab \xe0\xa6\xaa\xe0\xa6\xbe\xe0\xa6\xac\xe0\xa6\xb2\xe0\xa6\xbf\xe0\xa6\xb6\xe0\xa6\xbf\xe0\xa6\x82'
b'Redleaf Legal Diary (Blue) - 2021 (For 1 Year)',b'Tk.500',b'\xe0\xa6\xb0\xe0\xa7\x87\xe0\xa6\xa1\xe0\xa6\xb2\xe0\xa6\xbf\xe0\xa6\xab \xe0\xa6\xaa\xe0\xa6\xbe\xe0\xa6\xac\xe0\xa6\xb2\xe0\xa6\xbf\xe0\xa6\xb6\xe0\xa6\xbf\xe0\xa6\x82'
b'Redleaf Legal Diary (Blue) - 2021 (For 1 Year) - Business Card Holder',b'Tk.500',b'\xe0\xa6\xb0\xe0\xa7\x87\xe0\xa6\xa1\xe0\xa6\xb2\xe0\xa6\xbf\xe0\xa6\xab \xe0\xa6\xaa\xe0\xa6\xbe\xe0\xa6\xac\xe0\xa6\xb2\xe0\xa6\xbf\xe0\xa6\xb6\xe0\xa6\xbf\xe0\xa6\x82'
b'Redleaf Legal Diary (Brown) - 2021 (For 1 Year) - Business Card Holder',b'Tk.500',b'\xe0\xa6\xb0\xe0\xa7\x87\xe0\xa6\xa1\xe0\xa6\xb2\xe0\xa6\xbf\xe0\xa6\xab \xe0\xa6\xaa\xe0\xa6\xbe\xe0\xa6\xac\xe0\xa6\xb2\xe0\xa6\xbf\xe0\xa6\xb6\xe0\xa6\xbf\xe0\xa6\x82'
b'Redleaf Legal Diary (Red) - 2021 (For 1 Year) - Business Card Holder',b'Tk.500',b'\xe0\xa6\xb0\xe0\xa7\x87\xe0\xa6\xa1\xe0\xa6\xb2\xe0\xa6\xbf\xe0\xa6\xab \xe0\xa6\xaa\xe0\xa6\xbe\xe0\xa6\xac\xe0\xa6\xb2\xe0\xa6\xbf\xe0\xa6\xb6\xe0\xa6\xbf\xe0\xa6\x82'
b'Redleaf Legal Diary (Red) - 2021 (For 1 Year)',b'Tk.500',b'\xe0\xa6\xb0\xe0\xa7\x87\xe0\xa6\xa1\xe0\xa6\xb2\xe0\xa6\xbf\xe0\xa6\xab \xe0\xa6\xaa\xe0\xa6\xbe\xe0\xa6\xac\xe0\xa6\xb2\xe0\xa6\xbf\xe0\xa6\xb6\xe0\xa6\xbf\xe0\xa6\x82'
"b""Heart's General DIARY - 2021 (Brown and Off White Color)""",b'Tk.150',b'Hearts Bangladesh'
"b""Heart's General DIARY - 2021 (Red and Off White Color)""",b'Tk.150',b'Hearts Bangladesh'
"b""Heart's General DIARY - 2021 (Red and Black Color)""",b'Tk.150',b'Hearts Bangladesh'
"b""Heart's General DIARY - 2021 (Green, Light Green Color)""",b'Tk.150',b'Hearts Bangladesh'
"b""Heart's General DIARY - 2021 (Blue Color)""",b'Tk.150',b'Hearts Bangladesh'
"b""Heart's General DIARY - 2021 (White And Maroon Color)""",b'Tk.150',b'Hearts Bangladesh'
"b""Heart's General DIARY - 2021 (Maroon And White Color)""",b'Tk.150',b'Hearts Bangladesh'
"b""Heart's General DIARY - 2021 (Black and Yellow Color)""",b'Tk.150',b'Hearts Bangladesh'
"b""Heart's General DIARY - 2021 (Maroon, Light Maroon Color)""",b'Tk.150',b'Hearts Bangladesh'
"b""Heart's General DIARY - 2021 (Purple, Yellow, Marron Color)""",b'Tk.150',b'Hearts Bangladesh'
"b""Heart's General DIARY - 2021 (Purple Color and Flower Design)""",b'Tk.150',b'Hearts Bangladesh'
b'Hearts General Diary-2021(Yellow and Maroon Color Design)',b'Tk.150',b'Hearts Bangladesh'
b'China Steel Pencil \xe2\x80\x8dand Pen Box - 1 Pcs - Cocacola Design',b'Tk.108',b'\xe0\xa6\xb9\xe0\xa7\x83\xe0\xa6\xa6 (\xe0\xa6\x9a\xe0\xa6\xbe\xe0\xa7\x9f\xe0\xa6\xa8\xe0\xa6\xbe \xe0\xa6\xb8\xe0\xa6\xbe\xe0\xa6\xaa\xe0\xa7\x8d\xe0\xa6\xb2\xe0\xa6\xbe\xe0\xa6\x87\xe0\xa7\x9f\xe0\xa6\xbe\xe0\xa6\xb0)'
b'Matador Officemate Cutter Knife Small - 01 Pcs (Any Color) - S-43 (Anti Cutter)',b'Tk.50',b'Matador Group'
"b'Al Haramain Urbanist Femme Products Gift Pack For Women - Body Spray, Body Lotion, Perfume, Towel.'","b'Tk.3,400'",b'Al Haramain'
b'Fresh Legal Paper - 80 GSM (500 Page) - 1 Pack',b'Tk.356',b'\xe0\xa6\xab\xe0\xa7\x8d\xe0\xa6\xb0\xe0\xa7\x87\xe0\xa6\xb6 \xe0\xa6\xb8\xe0\xa7\x8d\xe0\xa6\x9f\xe0\xa7\x87\xe0\xa6\xb6\xe0\xa6\xa8\xe0\xa6\xbe\xe0\xa6\xb0\xe0\xa7\x80'
b'Couple Combo Package 1- Kayani Dastoor and Faith With free Sahar Ragba 45g For Men and Women - Lafz Body Spray - Buy 2 Get 1 Free',b'Tk.560',b'\xe0\xa6\xb2\xe0\xa6\xbe\xe0\xa6\xab\xe0\xa6\x9c'
b'Kool Shaving Foam-400 ml',b'Tk.240',b'\xe0\xa6\xb8\xe0\xa7\x8d\xe0\xa6\x95\xe0\xa7\x9f\xe0\xa6\xbe\xe0\xa6\xb0 \xe0\xa6\x9f\xe0\xa7\x9f\xe0\xa6\xb2\xe0\xa7\x87\xe0\xa6\x9f\xe0\xa7\x8d\xe0\xa6\xb0\xe0\xa6\xbf\xe0\xa6\x9c \xe0\xa6\xb2\xe0\xa6\xbf\xe0\xa6\x83'
b'Kool Shaving Cream (Monsoon)-100 gm',b'Tk.85',b'\xe0\xa6\xb8\xe0\xa7\x8d\xe0\xa6\x95\xe0\xa7\x9f\xe0\xa6\xbe\xe0\xa6\xb0 \xe0\xa6\x9f\xe0\xa7\x9f\xe0\xa6\xb2\xe0\xa7\x87\xe0\xa6\x9f\xe0\xa7\x8d\xe0\xa6\xb0\xe0\xa6\xbf\xe0\xa6\x9c \xe0\xa6\xb2\xe0\xa6\xbf\xe0\xa6\x83'
b'Kool Deodorant Body Spray (Ignite)-150 ml',b'Tk.220',b'\xe0\xa6\xb8\xe0\xa7\x8d\xe0\xa6\x95\xe0\xa7\x9f\xe0\xa6\xbe\xe0\xa6\xb0 \xe0\xa6\x9f\xe0\xa7\x9f\xe0\xa6\xb2\xe0\xa7\x87\xe0\xa6\x9f\xe0\xa7\x8d\xe0\xa6\xb0\xe0\xa6\xbf\xe0\xa6\x9c \xe0\xa6\xb2\xe0\xa6\xbf\xe0\xa6\x83'
b'Kool After Shave Lotion-50 ml',b'Tk.115',b'\xe0\xa6\xb8\xe0\xa7\x8d\xe0\xa6\x95\xe0\xa7\x9f\xe0\xa6\xbe\xe0\xa6\xb0 \xe0\xa6\x9f\xe0\xa7\x9f\xe0\xa6\xb2\xe0\xa7\x87\xe0\xa6\x9f\xe0\xa7\x8d\xe0\xa6\xb0\xe0\xa6\xbf\xe0\xa6\x9c \xe0\xa6\xb2\xe0\xa6\xbf\xe0\xa6\x83'
b'Supermom Baby Diaper-Large Size(9-14kg)-3 Pcs',b'Tk.115',b'\xe0\xa6\xb8\xe0\xa7\x8d\xe0\xa6\x95\xe0\xa7\x9f\xe0\xa6\xbe\xe0\xa6\xb0 \xe0\xa6\x9f\xe0\xa7\x9f\xe0\xa6\xb2\xe0\xa7\x87\xe0\xa6\x9f\xe0\xa7\x8d\xe0\xa6\xb0\xe0\xa6\xbf\xe0\xa6\x9c \xe0\xa6\xb2\xe0\xa6\xbf\xe0\xa6\x83'
b'Supermom Baby Diaper-Small Size(0-8kg)-28 Pcs (New Born)',b'Tk.675',b'\xe0\xa6\xb8\xe0\xa7\x8d\xe0\xa6\x95\xe0\xa7\x9f\xe0\xa6\xbe\xe0\xa6\xb0 \xe0\xa6\x9f\xe0\xa7\x9f\xe0\xa6\xb2\xe0\xa7\x87\xe0\xa6\x9f\xe0\xa7\x8d\xe0\xa6\xb0\xe0\xa6\xbf\xe0\xa6\x9c \xe0\xa6\xb2\xe0\xa6\xbf\xe0\xa6\x83'
b'Valentine For You Eau De Parfume - 100ml',"b'Tk.1,080'",b'Mahabub Perfumes'
b'Wedding Gift Voucher',b'Tk. 500 - 10000',b'Rokomari product'
b'Anniversary Day Gift Voucher',b'Tk. 500 - 10000',b'Rokomari product'
b'Titi Artist water color Brush (1-12)',b'Tk.400',b'\xe0\xa6\xb9\xe0\xa7\x83\xe0\xa6\xa6 (\xe0\xa6\x9a\xe0\xa6\xbe\xe0\xa7\x9f\xe0\xa6\xa8\xe0\xa6\xbe \xe0\xa6\xb8\xe0\xa6\xbe\xe0\xa6\xaa\xe0\xa7\x8d\xe0\xa6\xb2\xe0\xa6\xbe\xe0\xa6\x87\xe0\xa7\x9f\xe0\xa6\xbe\xe0\xa6\xb0)'
b'Al-Nuaim MIDNIGHT OUDH Attar - 20 ml (Roll On)',b'Tk.360',b'Al-Nuaim'
b'Atlas Junior Glue Pen Liquid -40gm (1 Pcs)',b'Tk.27',b'\xe0\xa6\x8f\xe0\xa6\x9f\xe0\xa6\xb2\xe0\xa6\xbe\xe0\xa6\xb8 \xe0\xa6\x8f\xe0\xa6\x95\xe0\xa7\x8d\xe0\xa6\xb8\xe0\xa6\xbf\xe0\xa6\xb2\xe0\xa6\xbf\xe0\xa6\xaf\xe0\xa6\xbc\xe0\xa6\xbe \xe0\xa6\x95\xe0\xa7\x8b.\xe0\xa6\xaa\xe0\xa7\x8d\xe0\xa6\xb0\xe0\xa6\xbe\xe0\xa6\x87.\xe0\xa6\xb2\xe0\xa6\xbf\xe0\xa6\x83'
b'Atlas Junior Trangulr Glue sticks - 8gm - 1 Pcs',b'Tk.28',b'\xe0\xa6\x8f\xe0\xa6\x9f\xe0\xa6\xb2\xe0\xa6\xbe\xe0\xa6\xb8 \xe0\xa6\x8f\xe0\xa6\x95\xe0\xa7\x8d\xe0\xa6\xb8\xe0\xa6\xbf\xe0\xa6\xb2\xe0\xa6\xbf\xe0\xa6\xaf\xe0\xa6\xbc\xe0\xa6\xbe \xe0\xa6\x95\xe0\xa7\x8b.\xe0\xa6\xaa\xe0\xa7\x8d\xe0\xa6\xb0\xe0\xa6\xbe\xe0\xa6\x87.\xe0\xa6\xb2\xe0\xa6\xbf\xe0\xa6\x83'
b'Atlas Junior Tri Half colour pencil - 12 colour',b'Tk.76',b'\xe0\xa6\x8f\xe0\xa6\x9f\xe0\xa6\xb2\xe0\xa6\xbe\xe0\xa6\xb8 \xe0\xa6\x8f\xe0\xa6\x95\xe0\xa7\x8d\xe0\xa6\xb8\xe0\xa6\xbf\xe0\xa6\xb2\xe0\xa6\xbf\xe0\xa6\xaf\xe0\xa6\xbc\xe0\xa6\xbe \xe0\xa6\x95\xe0\xa7\x8b.\xe0\xa6\xaa\xe0\xa7\x8d\xe0\xa6\xb0\xe0\xa6\xbe\xe0\xa6\x87.\xe0\xa6\xb2\xe0\xa6\xbf\xe0\xa6\x83'
b'Atlas Junior Gel Pastel - 12 colour',b'Tk.237',b'\xe0\xa6\x8f\xe0\xa6\x9f\xe0\xa6\xb2\xe0\xa6\xbe\xe0\xa6\xb8 \xe0\xa6\x8f\xe0\xa6\x95\xe0\xa7\x8d\xe0\xa6\xb8\xe0\xa6\xbf\xe0\xa6\xb2\xe0\xa6\xbf\xe0\xa6\xaf\xe0\xa6\xbc\xe0\xa6\xbe \xe0\xa6\x95\xe0\xa7\x8b.\xe0\xa6\xaa\xe0\xa7\x8d\xe0\xa6\xb0\xe0\xa6\xbe\xe0\xa6\x87.\xe0\xa6\xb2\xe0\xa6\xbf\xe0\xa6\x83'
b'Matador Officemate Gems Clip - 100 Pcs',b'Tk.35',b'Matador Group'
b'Matador File Holder - 1 Pcs (Any Color)',b'Tk.100',b'Matador Group'
b'Matador Liner Bag - 1 Pcs (Any Color)',b'Tk.45',b'Matador Group'
b'Matador Markpro Permanent Marker 5000 -Black Ink - 1 Pcs',b'Tk.35',b'Matador Group'
b'Matador i-teen RIO Pencil -2B',b'Tk.108',b'Matador Group'
b'Matador i-teen Pencil -2B  (12 Pcs)',b'Tk.108',b'Matador Group'
b'Matador\xc2\xa0Signature\xc2\xa0Gel\xc2\xa0Pen - 1 Pcs (A perfect Gift pen)',b'Tk.30',b'Matador Group'
b'Matador i-teen Ball Pen -Black Ink (6 Pcs)',b'Tk.60',b'Matador Group'
b'Matador Hi-School Colors Ball Pen - 5 Color (5 Pcs)',b'Tk.30',b'Matador Group'
b'Matador Hi-School Ball Pen -Black Ink (12 Pcs)',b'Tk.60',b'Matador Group'
b'Matador I-teen Grip Ball Pen -Black Ink (6 Pcs)',b'Tk.60',b'Matador Group'
b'Matador Woodmark Ball Pen -Black Ink (6 Pcs)',b'Tk.60',b'Matador Group'
b'Matador Trio Ballpen -Black Ink (12 Pcs)',b'Tk.60',b'Matador Group'
b'Matador i-teen Rio Ball Pen -Black Ink (6 Pcs)',b'Tk.60',b'Matador Group'
b'Matador Glory Crystal Ball Pen - Black Ink (5 Pcs)',b'Tk.30',b'Matador Group'
b'Matador i-teen AROMA Ball Pen -Black Ink (6 Pcs)',b'Tk.45',b'Matador Group'
b'Matador All-time Ball Pen -Black Ink (6 Pcs)',b'Tk.36',b'Matador Group'
b'MBBS - Spiral Notebook Brown Cover (120 Pages) (RV_0080)',b'Tk.45',b'\xe0\xa6\xb0\xe0\xa7\x87\xe0\xa6\xad\xe0\xa6\xbe\xe0\xa6\xb0\xe0\xa6\xbf \xe0\xa6\xaa\xe0\xa6\xbe\xe0\xa6\xac\xe0\xa6\xb2\xe0\xa6\xbf\xe0\xa6\x95\xe0\xa7\x87\xe0\xa6\xb6\xe0\xa6\xa8\xe0\xa7\x8d\xe0\xa6\xb8'
b'Faber Castell Textliner - Yellow Color - 10 Pcs',b'Tk.315',b'\xe0\xa6\xab\xe0\xa7\x87\xe0\xa6\xac\xe0\xa6\xbe\xe0\xa6\xb0 \xe0\xa6\x95\xe0\xa7\x8d\xe0\xa6\xaf\xe0\xa6\xbe\xe0\xa6\xb8\xe0\xa7\x87\xe0\xa6\xb2'
b'Fevikwik One Drop Adhesive',b'Tk.7',b'\xe0\xa6\xaa\xe0\xa6\xbf\xe0\xa6\xa1\xe0\xa6\xbf\xe0\xa6\xb2\xe0\xa6\xbf\xe0\xa6\x9f \xe0\xa6\xb8\xe0\xa7\x8d\xe0\xa6\xaa\xe0\xa7\x87\xe0\xa6\xb6\xe0\xa6\xbe\xe0\xa6\xb2\xe0\xa6\xbf\xe0\xa6\x9f\xe0\xa6\xbf \xe0\xa6\x95\xe0\xa7\x87\xe0\xa6\xae\xe0\xa6\xbf\xe0\xa6\x95\xe0\xa7\x8d\xe0\xa6\xaf\xe0\xa6\xbe\xe0\xa6\xb2\xe0\xa6\xb8 (\xe0\xa6\xac\xe0\xa6\xbf\xe0\xa6\xa1\xe0\xa6\xbf) \xe0\xa6\xaa\xe0\xa7\x8d\xe0\xa6\xb0\xe0\xa6\xbe\xe0\xa6\x87\xe0\xa6\xad\xe0\xa7\x87\xe0\xa6\x9f \xe0\xa6\xb2\xe0\xa6\xbf:'
b'Fevicol Super Glue Vertical Pack 3 gm',b'Tk.20',b'\xe0\xa6\xaa\xe0\xa6\xbf\xe0\xa6\xa1\xe0\xa6\xbf\xe0\xa6\xb2\xe0\xa6\xbf\xe0\xa6\x9f \xe0\xa6\xb8\xe0\xa7\x8d\xe0\xa6\xaa\xe0\xa7\x87\xe0\xa6\xb6\xe0\xa6\xbe\xe0\xa6\xb2\xe0\xa6\xbf\xe0\xa6\x9f\xe0\xa6\xbf \xe0\xa6\x95\xe0\xa7\x87\xe0\xa6\xae\xe0\xa6\xbf\xe0\xa6\x95\xe0\xa7\x8d\xe0\xa6\xaf\xe0\xa6\xbe\xe0\xa6\xb2\xe0\xa6\xb8 (\xe0\xa6\xac\xe0\xa6\xbf\xe0\xa6\xa1\xe0\xa6\xbf) \xe0\xa6\xaa\xe0\xa7\x8d\xe0\xa6\xb0\xe0\xa6\xbe\xe0\xa6\x87\xe0\xa6\xad\xe0\xa7\x87\xe0\xa6\x9f \xe0\xa6\xb2\xe0\xa6\xbf:'
b'Fevicryl No Stitch Fabric Glue - 30 ml (Bottle Pack)',b'Tk.30',b'\xe0\xa6\xaa\xe0\xa6\xbf\xe0\xa6\xa1\xe0\xa6\xbf\xe0\xa6\xb2\xe0\xa6\xbf\xe0\xa6\x9f \xe0\xa6\xb8\xe0\xa7\x8d\xe0\xa6\xaa\xe0\xa7\x87\xe0\xa6\xb6\xe0\xa6\xbe\xe0\xa6\xb2\xe0\xa6\xbf\xe0\xa6\x9f\xe0\xa6\xbf \xe0\xa6\x95\xe0\xa7\x87\xe0\xa6\xae\xe0\xa6\xbf\xe0\xa6\x95\xe0\xa7\x8d\xe0\xa6\xaf\xe0\xa6\xbe\xe0\xa6\xb2\xe0\xa6\xb8 (\xe0\xa6\xac\xe0\xa6\xbf\xe0\xa6\xa1\xe0\xa6\xbf) \xe0\xa6\xaa\xe0\xa7\x8d\xe0\xa6\xb0\xe0\xa6\xbe\xe0\xa6\x87\xe0\xa6\xad\xe0\xa7\x87\xe0\xa6\x9f \xe0\xa6\xb2\xe0\xa6\xbf:'
b'Fevicryl Liquid Embroidery-GLITTER GREEN - 20 ml',b'Tk.50',b'\xe0\xa6\xaa\xe0\xa6\xbf\xe0\xa6\xa1\xe0\xa6\xbf\xe0\xa6\xb2\xe0\xa6\xbf\xe0\xa6\x9f \xe0\xa6\xb8\xe0\xa7\x8d\xe0\xa6\xaa\xe0\xa7\x87\xe0\xa6\xb6\xe0\xa6\xbe\xe0\xa6\xb2\xe0\xa6\xbf\xe0\xa6\x9f\xe0\xa6\xbf \xe0\xa6\x95\xe0\xa7\x87\xe0\xa6\xae\xe0\xa6\xbf\xe0\xa6\x95\xe0\xa7\x8d\xe0\xa6\xaf\xe0\xa6\xbe\xe0\xa6\xb2\xe0\xa6\xb8 (\xe0\xa6\xac\xe0\xa6\xbf\xe0\xa6\xa1\xe0\xa6\xbf) \xe0\xa6\xaa\xe0\xa7\x8d\xe0\xa6\xb0\xe0\xa6\xbe\xe0\xa6\x87\xe0\xa6\xad\xe0\xa7\x87\xe0\xa6\x9f \xe0\xa6\xb2\xe0\xa6\xbf:'
b'Fevicryl 3D Outliner (NP)  -GLITTER SILVER - 20 ml',b'Tk.50',b'\xe0\xa6\xaa\xe0\xa6\xbf\xe0\xa6\xa1\xe0\xa6\xbf\xe0\xa6\xb2\xe0\xa6\xbf\xe0\xa6\x9f \xe0\xa6\xb8\xe0\xa7\x8d\xe0\xa6\xaa\xe0\xa7\x87\xe0\xa6\xb6\xe0\xa6\xbe\xe0\xa6\xb2\xe0\xa6\xbf\xe0\xa6\x9f\xe0\xa6\xbf \xe0\xa6\x95\xe0\xa7\x87\xe0\xa6\xae\xe0\xa6\xbf\xe0\xa6\x95\xe0\xa7\x8d\xe0\xa6\xaf\xe0\xa6\xbe\xe0\xa6\xb2\xe0\xa6\xb8 (\xe0\xa6\xac\xe0\xa6\xbf\xe0\xa6\xa1\xe0\xa6\xbf) \xe0\xa6\xaa\xe0\xa7\x8d\xe0\xa6\xb0\xe0\xa6\xbe\xe0\xa6\x87\xe0\xa6\xad\xe0\xa7\x87\xe0\xa6\x9f \xe0\xa6\xb2\xe0\xa6\xbf:'
b'Fevicryl 3D Outliner (NP) -GLITTER GOLD - 20 ml',b'Tk.50',b'\xe0\xa6\xaa\xe0\xa6\xbf\xe0\xa6\xa1\xe0\xa6\xbf\xe0\xa6\xb2\xe0\xa6\xbf\xe0\xa6\x9f \xe0\xa6\xb8\xe0\xa7\x8d\xe0\xa6\xaa\xe0\xa7\x87\xe0\xa6\xb6\xe0\xa6\xbe\xe0\xa6\xb2\xe0\xa6\xbf\xe0\xa6\x9f\xe0\xa6\xbf \xe0\xa6\x95\xe0\xa7\x87\xe0\xa6\xae\xe0\xa6\xbf\xe0\xa6\x95\xe0\xa7\x8d\xe0\xa6\xaf\xe0\xa6\xbe\xe0\xa6\xb2\xe0\xa6\xb8 (\xe0\xa6\xac\xe0\xa6\xbf\xe0\xa6\xa1\xe0\xa6\xbf) \xe0\xa6\xaa\xe0\xa7\x8d\xe0\xa6\xb0\xe0\xa6\xbe\xe0\xa6\x87\xe0\xa6\xad\xe0\xa7\x87\xe0\xa6\x9f \xe0\xa6\xb2\xe0\xa6\xbf:'
b'Fevicryl 3D Outliner (NP) Glitter Green - 20 ml',b'Tk.50',b'\xe0\xa6\xaa\xe0\xa6\xbf\xe0\xa6\xa1\xe0\xa6\xbf\xe0\xa6\xb2\xe0\xa6\xbf\xe0\xa6\x9f \xe0\xa6\xb8\xe0\xa7\x8d\xe0\xa6\xaa\xe0\xa7\x87\xe0\xa6\xb6\xe0\xa6\xbe\xe0\xa6\xb2\xe0\xa6\xbf\xe0\xa6\x9f\xe0\xa6\xbf \xe0\xa6\x95\xe0\xa7\x87\xe0\xa6\xae\xe0\xa6\xbf\xe0\xa6\x95\xe0\xa7\x8d\xe0\xa6\xaf\xe0\xa6\xbe\xe0\xa6\xb2\xe0\xa6\xb8 (\xe0\xa6\xac\xe0\xa6\xbf\xe0\xa6\xa1\xe0\xa6\xbf) \xe0\xa6\xaa\xe0\xa7\x8d\xe0\xa6\xb0\xe0\xa6\xbe\xe0\xa6\x87\xe0\xa6\xad\xe0\xa7\x87\xe0\xa6\x9f \xe0\xa6\xb2\xe0\xa6\xbf:'
b'Fevicryl Glass Colour Kit (Solvent Based) - 85 ml',b'Tk.255',b'\xe0\xa6\xaa\xe0\xa6\xbf\xe0\xa6\xa1\xe0\xa6\xbf\xe0\xa6\xb2\xe0\xa6\xbf\xe0\xa6\x9f \xe0\xa6\xb8\xe0\xa7\x8d\xe0\xa6\xaa\xe0\xa7\x87\xe0\xa6\xb6\xe0\xa6\xbe\xe0\xa6\xb2\xe0\xa6\xbf\xe0\xa6\x9f\xe0\xa6\xbf \xe0\xa6\x95\xe0\xa7\x87\xe0\xa6\xae\xe0\xa6\xbf\xe0\xa6\x95\xe0\xa7\x8d\xe0\xa6\xaf\xe0\xa6\xbe\xe0\xa6\xb2\xe0\xa6\xb8 (\xe0\xa6\xac\xe0\xa6\xbf\xe0\xa6\xa1\xe0\xa6\xbf) \xe0\xa6\xaa\xe0\xa7\x8d\xe0\xa6\xb0\xe0\xa6\xbe\xe0\xa6\x87\xe0\xa6\xad\xe0\xa7\x87\xe0\xa6\x9f \xe0\xa6\xb2\xe0\xa6\xbf:'
"b'Fevicryl Acrylic Colour- Pearl Metallic Kit - 60 ml (2 Gold, 1 Sliver, 1Bronze, 1 Rust, 1 Copper)'",b'Tk.185',b'\xe0\xa6\xaa\xe0\xa6\xbf\xe0\xa6\xa1\xe0\xa6\xbf\xe0\xa6\xb2\xe0\xa6\xbf\xe0\xa6\x9f \xe0\xa6\xb8\xe0\xa7\x8d\xe0\xa6\xaa\xe0\xa7\x87\xe0\xa6\xb6\xe0\xa6\xbe\xe0\xa6\xb2\xe0\xa6\xbf\xe0\xa6\x9f\xe0\xa6\xbf \xe0\xa6\x95\xe0\xa7\x87\xe0\xa6\xae\xe0\xa6\xbf\xe0\xa6\x95\xe0\xa7\x8d\xe0\xa6\xaf\xe0\xa6\xbe\xe0\xa6\xb2\xe0\xa6\xb8 (\xe0\xa6\xac\xe0\xa6\xbf\xe0\xa6\xa1\xe0\xa6\xbf) \xe0\xa6\xaa\xe0\xa7\x8d\xe0\xa6\xb0\xe0\xa6\xbe\xe0\xa6\x87\xe0\xa6\xad\xe0\xa7\x87\xe0\xa6\x9f \xe0\xa6\xb2\xe0\xa6\xbf:'
b'Fevicryl Acrylic Colour- Lilac Kit -60 ml (6 Shades)',b'Tk.120',b'\xe0\xa6\xaa\xe0\xa6\xbf\xe0\xa6\xa1\xe0\xa6\xbf\xe0\xa6\xb2\xe0\xa6\xbf\xe0\xa6\x9f \xe0\xa6\xb8\xe0\xa7\x8d\xe0\xa6\xaa\xe0\xa7\x87\xe0\xa6\xb6\xe0\xa6\xbe\xe0\xa6\xb2\xe0\xa6\xbf\xe0\xa6\x9f\xe0\xa6\xbf \xe0\xa6\x95\xe0\xa7\x87\xe0\xa6\xae\xe0\xa6\xbf\xe0\xa6\x95\xe0\xa7\x8d\xe0\xa6\xaf\xe0\xa6\xbe\xe0\xa6\xb2\xe0\xa6\xb8 (\xe0\xa6\xac\xe0\xa6\xbf\xe0\xa6\xa1\xe0\xa6\xbf) \xe0\xa6\xaa\xe0\xa7\x8d\xe0\xa6\xb0\xe0\xa6\xbe\xe0\xa6\x87\xe0\xa6\xad\xe0\xa7\x87\xe0\xa6\x9f \xe0\xa6\xb2\xe0\xa6\xbf:'
b'Fevicryl Acrylic Color- Sunflower Kit - 150 ml (15ml bottles of 10 shades)',b'Tk.280',b'\xe0\xa6\xaa\xe0\xa6\xbf\xe0\xa6\xa1\xe0\xa6\xbf\xe0\xa6\xb2\xe0\xa6\xbf\xe0\xa6\x9f \xe0\xa6\xb8\xe0\xa7\x8d\xe0\xa6\xaa\xe0\xa7\x87\xe0\xa6\xb6\xe0\xa6\xbe\xe0\xa6\xb2\xe0\xa6\xbf\xe0\xa6\x9f\xe0\xa6\xbf \xe0\xa6\x95\xe0\xa7\x87\xe0\xa6\xae\xe0\xa6\xbf\xe0\xa6\x95\xe0\xa7\x8d\xe0\xa6\xaf\xe0\xa6\xbe\xe0\xa6\xb2\xe0\xa6\xb8 (\xe0\xa6\xac\xe0\xa6\xbf\xe0\xa6\xa1\xe0\xa6\xbf) \xe0\xa6\xaa\xe0\xa7\x8d\xe0\xa6\xb0\xe0\xa6\xbe\xe0\xa6\x87\xe0\xa6\xad\xe0\xa7\x87\xe0\xa6\x9f \xe0\xa6\xb2\xe0\xa6\xbf:'
b'Rangeela Tempera Colour (3ml x 12 shades)',b'Tk.50',b'\xe0\xa6\xaa\xe0\xa6\xbf\xe0\xa6\xa1\xe0\xa6\xbf\xe0\xa6\xb2\xe0\xa6\xbf\xe0\xa6\x9f \xe0\xa6\xb8\xe0\xa7\x8d\xe0\xa6\xaa\xe0\xa7\x87\xe0\xa6\xb6\xe0\xa6\xbe\xe0\xa6\xb2\xe0\xa6\xbf\xe0\xa6\x9f\xe0\xa6\xbf \xe0\xa6\x95\xe0\xa7\x87\xe0\xa6\xae\xe0\xa6\xbf\xe0\xa6\x95\xe0\xa7\x8d\xe0\xa6\xaf\xe0\xa6\xbe\xe0\xa6\xb2\xe0\xa6\xb8 (\xe0\xa6\xac\xe0\xa6\xbf\xe0\xa6\xa1\xe0\xa6\xbf) \xe0\xa6\xaa\xe0\xa7\x8d\xe0\xa6\xb0\xe0\xa6\xbe\xe0\xa6\x87\xe0\xa6\xad\xe0\xa7\x87\xe0\xa6\x9f \xe0\xa6\xb2\xe0\xa6\xbf:'
b'Acron Colour Pencil (12 Colours)',b'Tk.110',b'\xe0\xa6\xaa\xe0\xa6\xbf\xe0\xa6\xa1\xe0\xa6\xbf\xe0\xa6\xb2\xe0\xa6\xbf\xe0\xa6\x9f \xe0\xa6\xb8\xe0\xa7\x8d\xe0\xa6\xaa\xe0\xa7\x87\xe0\xa6\xb6\xe0\xa6\xbe\xe0\xa6\xb2\xe0\xa6\xbf\xe0\xa6\x9f\xe0\xa6\xbf \xe0\xa6\x95\xe0\xa7\x87\xe0\xa6\xae\xe0\xa6\xbf\xe0\xa6\x95\xe0\xa7\x8d\xe0\xa6\xaf\xe0\xa6\xbe\xe0\xa6\xb2\xe0\xa6\xb8 (\xe0\xa6\xac\xe0\xa6\xbf\xe0\xa6\xa1\xe0\xa6\xbf) \xe0\xa6\xaa\xe0\xa7\x8d\xe0\xa6\xb0\xe0\xa6\xbe\xe0\xa6\x87\xe0\xa6\xad\xe0\xa7\x87\xe0\xa6\x9f \xe0\xa6\xb2\xe0\xa6\xbf:'
b'Acron Students Water Colour Pixy Pack 12x5 ml Tubes',b'Tk.135',b'\xe0\xa6\xaa\xe0\xa6\xbf\xe0\xa6\xa1\xe0\xa6\xbf\xe0\xa6\xb2\xe0\xa6\xbf\xe0\xa6\x9f \xe0\xa6\xb8\xe0\xa7\x8d\xe0\xa6\xaa\xe0\xa7\x87\xe0\xa6\xb6\xe0\xa6\xbe\xe0\xa6\xb2\xe0\xa6\xbf\xe0\xa6\x9f\xe0\xa6\xbf \xe0\xa6\x95\xe0\xa7\x87\xe0\xa6\xae\xe0\xa6\xbf\xe0\xa6\x95\xe0\xa7\x8d\xe0\xa6\xaf\xe0\xa6\xbe\xe0\xa6\xb2\xe0\xa6\xb8 (\xe0\xa6\xac\xe0\xa6\xbf\xe0\xa6\xa1\xe0\xa6\xbf) \xe0\xa6\xaa\xe0\xa7\x8d\xe0\xa6\xb0\xe0\xa6\xbe\xe0\xa6\x87\xe0\xa6\xad\xe0\xa7\x87\xe0\xa6\x9f \xe0\xa6\xb2\xe0\xa6\xbf:'
b'Acron Students Poster Colours Gulliver Kit - 120 ml (10ml bottles of 12 shades)',b'Tk.230',b'\xe0\xa6\xaa\xe0\xa6\xbf\xe0\xa6\xa1\xe0\xa6\xbf\xe0\xa6\xb2\xe0\xa6\xbf\xe0\xa6\x9f \xe0\xa6\xb8\xe0\xa7\x8d\xe0\xa6\xaa\xe0\xa7\x87\xe0\xa6\xb6\xe0\xa6\xbe\xe0\xa6\xb2\xe0\xa6\xbf\xe0\xa6\x9f\xe0\xa6\xbf \xe0\xa6\x95\xe0\xa7\x87\xe0\xa6\xae\xe0\xa6\xbf\xe0\xa6\x95\xe0\xa7\x8d\xe0\xa6\xaf\xe0\xa6\xbe\xe0\xa6\xb2\xe0\xa6\xb8 (\xe0\xa6\xac\xe0\xa6\xbf\xe0\xa6\xa1\xe0\xa6\xbf) \xe0\xa6\xaa\xe0\xa7\x8d\xe0\xa6\xb0\xe0\xa6\xbe\xe0\xa6\x87\xe0\xa6\xad\xe0\xa7\x87\xe0\xa6\x9f \xe0\xa6\xb2\xe0\xa6\xbf:'
b'Fevigum Synthetic Lime Gum (SQUEEZY) - 22.5 ml',b'Tk.15',b'\xe0\xa6\xaa\xe0\xa6\xbf\xe0\xa6\xa1\xe0\xa6\xbf\xe0\xa6\xb2\xe0\xa6\xbf\xe0\xa6\x9f \xe0\xa6\xb8\xe0\xa7\x8d\xe0\xa6\xaa\xe0\xa7\x87\xe0\xa6\xb6\xe0\xa6\xbe\xe0\xa6\xb2\xe0\xa6\xbf\xe0\xa6\x9f\xe0\xa6\xbf \xe0\xa6\x95\xe0\xa7\x87\xe0\xa6\xae\xe0\xa6\xbf\xe0\xa6\x95\xe0\xa7\x8d\xe0\xa6\xaf\xe0\xa6\xbe\xe0\xa6\xb2\xe0\xa6\xb8 (\xe0\xa6\xac\xe0\xa6\xbf\xe0\xa6\xa1\xe0\xa6\xbf) \xe0\xa6\xaa\xe0\xa7\x8d\xe0\xa6\xb0\xe0\xa6\xbe\xe0\xa6\x87\xe0\xa6\xad\xe0\xa7\x87\xe0\xa6\x9f \xe0\xa6\xb2\xe0\xa6\xbf:'
b'Fevistik Super Glue Stick - 15 gm',b'Tk.45',b'\xe0\xa6\xaa\xe0\xa6\xbf\xe0\xa6\xa1\xe0\xa6\xbf\xe0\xa6\xb2\xe0\xa6\xbf\xe0\xa6\x9f \xe0\xa6\xb8\xe0\xa7\x8d\xe0\xa6\xaa\xe0\xa7\x87\xe0\xa6\xb6\xe0\xa6\xbe\xe0\xa6\xb2\xe0\xa6\xbf\xe0\xa6\x9f\xe0\xa6\xbf \xe0\xa6\x95\xe0\xa7\x87\xe0\xa6\xae\xe0\xa6\xbf\xe0\xa6\x95\xe0\xa7\x8d\xe0\xa6\xaf\xe0\xa6\xbe\xe0\xa6\xb2\xe0\xa6\xb8 (\xe0\xa6\xac\xe0\xa6\xbf\xe0\xa6\xa1\xe0\xa6\xbf) \xe0\xa6\xaa\xe0\xa7\x8d\xe0\xa6\xb0\xe0\xa6\xbe\xe0\xa6\x87\xe0\xa6\xad\xe0\xa7\x87\xe0\xa6\x9f \xe0\xa6\xb2\xe0\xa6\xbf:'
b'Fevistik Super Glue Stick - 8 gm',b'Tk.35',b'\xe0\xa6\xaa\xe0\xa6\xbf\xe0\xa6\xa1\xe0\xa6\xbf\xe0\xa6\xb2\xe0\xa6\xbf\xe0\xa6\x9f \xe0\xa6\xb8\xe0\xa7\x8d\xe0\xa6\xaa\xe0\xa7\x87\xe0\xa6\xb6\xe0\xa6\xbe\xe0\xa6\xb2\xe0\xa6\xbf\xe0\xa6\x9f\xe0\xa6\xbf \xe0\xa6\x95\xe0\xa7\x87\xe0\xa6\xae\xe0\xa6\xbf\xe0\xa6\x95\xe0\xa7\x8d\xe0\xa6\xaf\xe0\xa6\xbe\xe0\xa6\xb2\xe0\xa6\xb8 (\xe0\xa6\xac\xe0\xa6\xbf\xe0\xa6\xa1\xe0\xa6\xbf) \xe0\xa6\xaa\xe0\xa7\x8d\xe0\xa6\xb0\xe0\xa6\xbe\xe0\xa6\x87\xe0\xa6\xad\xe0\xa7\x87\xe0\xa6\x9f \xe0\xa6\xb2\xe0\xa6\xbf:'
b'Fevicol MR Ele Pack White Adhesive - 50 gm',b'Tk.40',b'\xe0\xa6\xaa\xe0\xa6\xbf\xe0\xa6\xa1\xe0\xa6\xbf\xe0\xa6\xb2\xe0\xa6\xbf\xe0\xa6\x9f \xe0\xa6\xb8\xe0\xa7\x8d\xe0\xa6\xaa\xe0\xa7\x87\xe0\xa6\xb6\xe0\xa6\xbe\xe0\xa6\xb2\xe0\xa6\xbf\xe0\xa6\x9f\xe0\xa6\xbf \xe0\xa6\x95\xe0\xa7\x87\xe0\xa6\xae\xe0\xa6\xbf\xe0\xa6\x95\xe0\xa7\x8d\xe0\xa6\xaf\xe0\xa6\xbe\xe0\xa6\xb2\xe0\xa6\xb8 (\xe0\xa6\xac\xe0\xa6\xbf\xe0\xa6\xa1\xe0\xa6\xbf) \xe0\xa6\xaa\xe0\xa7\x8d\xe0\xa6\xb0\xe0\xa6\xbe\xe0\xa6\x87\xe0\xa6\xad\xe0\xa7\x87\xe0\xa6\x9f \xe0\xa6\xb2\xe0\xa6\xbf:'
b'Fevicol MR Ele Pack White Adhesive - 30 gm',b'Tk.30',b'\xe0\xa6\xaa\xe0\xa6\xbf\xe0\xa6\xa1\xe0\xa6\xbf\xe0\xa6\xb2\xe0\xa6\xbf\xe0\xa6\x9f \xe0\xa6\xb8\xe0\xa7\x8d\xe0\xa6\xaa\xe0\xa7\x87\xe0\xa6\xb6\xe0\xa6\xbe\xe0\xa6\xb2\xe0\xa6\xbf\xe0\xa6\x9f\xe0\xa6\xbf \xe0\xa6\x95\xe0\xa7\x87\xe0\xa6\xae\xe0\xa6\xbf\xe0\xa6\x95\xe0\xa7\x8d\xe0\xa6\xaf\xe0\xa6\xbe\xe0\xa6\xb2\xe0\xa6\xb8 (\xe0\xa6\xac\xe0\xa6\xbf\xe0\xa6\xa1\xe0\xa6\xbf) \xe0\xa6\xaa\xe0\xa7\x8d\xe0\xa6\xb0\xe0\xa6\xbe\xe0\xa6\x87\xe0\xa6\xad\xe0\xa7\x87\xe0\xa6\x9f \xe0\xa6\xb2\xe0\xa6\xbf:'
b'Fevicol MR White Adhesive (SQUEZEE BOTTLE) - 200 gm',b'Tk.100',b'\xe0\xa6\xaa\xe0\xa6\xbf\xe0\xa6\xa1\xe0\xa6\xbf\xe0\xa6\xb2\xe0\xa6\xbf\xe0\xa6\x9f \xe0\xa6\xb8\xe0\xa7\x8d\xe0\xa6\xaa\xe0\xa7\x87\xe0\xa6\xb6\xe0\xa6\xbe\xe0\xa6\xb2\xe0\xa6\xbf\xe0\xa6\x9f\xe0\xa6\xbf \xe0\xa6\x95\xe0\xa7\x87\xe0\xa6\xae\xe0\xa6\xbf\xe0\xa6\x95\xe0\xa7\x8d\xe0\xa6\xaf\xe0\xa6\xbe\xe0\xa6\xb2\xe0\xa6\xb8 (\xe0\xa6\xac\xe0\xa6\xbf\xe0\xa6\xa1\xe0\xa6\xbf) \xe0\xa6\xaa\xe0\xa7\x8d\xe0\xa6\xb0\xe0\xa6\xbe\xe0\xa6\x87\xe0\xa6\xad\xe0\xa7\x87\xe0\xa6\x9f \xe0\xa6\xb2\xe0\xa6\xbf:'
b'Fevicol MR White Adhesive (SQUEEZY) - 50 gm',b'Tk.35',b'\xe0\xa6\xaa\xe0\xa6\xbf\xe0\xa6\xa1\xe0\xa6\xbf\xe0\xa6\xb2\xe0\xa6\xbf\xe0\xa6\x9f \xe0\xa6\xb8\xe0\xa7\x8d\xe0\xa6\xaa\xe0\xa7\x87\xe0\xa6\xb6\xe0\xa6\xbe\xe0\xa6\xb2\xe0\xa6\xbf\xe0\xa6\x9f\xe0\xa6\xbf \xe0\xa6\x95\xe0\xa7\x87\xe0\xa6\xae\xe0\xa6\xbf\xe0\xa6\x95\xe0\xa7\x8d\xe0\xa6\xaf\xe0\xa6\xbe\xe0\xa6\xb2\xe0\xa6\xb8 (\xe0\xa6\xac\xe0\xa6\xbf\xe0\xa6\xa1\xe0\xa6\xbf) \xe0\xa6\xaa\xe0\xa7\x8d\xe0\xa6\xb0\xe0\xa6\xbe\xe0\xa6\x87\xe0\xa6\xad\xe0\xa7\x87\xe0\xa6\x9f \xe0\xa6\xb2\xe0\xa6\xbf:'
b'Fevicol MR White Adhesive (SQUEEZY) - 22.5 gm',b'Tk.20',b'\xe0\xa6\xaa\xe0\xa6\xbf\xe0\xa6\xa1\xe0\xa6\xbf\xe0\xa6\xb2\xe0\xa6\xbf\xe0\xa6\x9f \xe0\xa6\xb8\xe0\xa7\x8d\xe0\xa6\xaa\xe0\xa7\x87\xe0\xa6\xb6\xe0\xa6\xbe\xe0\xa6\xb2\xe0\xa6\xbf\xe0\xa6\x9f\xe0\xa6\xbf \xe0\xa6\x95\xe0\xa7\x87\xe0\xa6\xae\xe0\xa6\xbf\xe0\xa6\x95\xe0\xa7\x8d\xe0\xa6\xaf\xe0\xa6\xbe\xe0\xa6\xb2\xe0\xa6\xb8 (\xe0\xa6\xac\xe0\xa6\xbf\xe0\xa6\xa1\xe0\xa6\xbf) \xe0\xa6\xaa\xe0\xa7\x8d\xe0\xa6\xb0\xe0\xa6\xbe\xe0\xa6\x87\xe0\xa6\xad\xe0\xa7\x87\xe0\xa6\x9f \xe0\xa6\xb2\xe0\xa6\xbf:'
b'Top One Ball Pen - B (6 Pcs -Black Ink)',b'Tk.36',b'\xe0\xa6\x9f\xe0\xa6\xaa-\xe0\xa6\xaa\xe0\xa7\x87\xe0\xa6\xa8 \xe0\xa6\x8f\xe0\xa6\xa8\xe0\xa7\x8d\xe0\xa6\xa1 \xe0\xa6\xb8\xe0\xa7\x8d\xe0\xa6\x9f\xe0\xa7\x87\xe0\xa6\xb6\xe0\xa6\xa8\xe0\xa6\xbe\xe0\xa6\xb0\xe0\xa7\x80 \xe0\xa6\x87\xe0\xa6\xa8\xe0\xa7\x8d\xe0\xa6\xa1\xe0\xa6\xbe\xe0\xa6\xb8\xe0\xa7\x8d\xe0\xa6\x9f\xe0\xa7\x8d\xe0\xa6\xb0\xe0\xa6\xbf\xe0\xa6\xb8 \xe0\xa6\xb2\xe0\xa6\xbf:'
b'Masnun Dua - Jabal Package (28 Pcs Stickers)',b'Tk.230',b'\xe0\xa6\x9a\xe0\xa7\x9c\xe0\xa7\x81\xe0\xa6\x87 \xe0\xa6\xaa\xe0\xa6\xbe\xe0\xa6\xac\xe0\xa6\xb2\xe0\xa6\xbf\xe0\xa6\x95\xe0\xa7\x87\xe0\xa6\xb6\xe0\xa6\xbe\xe0\xa6\xa8'
b'Al-Nuaim BLACK ORCHID Attar - 6ml (Tohfa Series)',b'Tk.270',b'Al-Nuaim'
b'Khair Natural Olive Miswak',b'Tk.60',b'Khair Natural'
b'Al Haramain Aysha -10ml (Pure Perfume)',b'Tk.399',b'Al Haramain'
b'Fresh Good Day Ball Pen - 06 Pcs',b'Tk.34',b'\xe0\xa6\xab\xe0\xa7\x8d\xe0\xa6\xb0\xe0\xa7\x87\xe0\xa6\xb6 \xe0\xa6\xb8\xe0\xa7\x8d\xe0\xa6\x9f\xe0\xa7\x87\xe0\xa6\xb6\xe0\xa6\xa8\xe0\xa6\xbe\xe0\xa6\xb0\xe0\xa7\x80'
b'Fresh Sailor Ball Pen - 12 Pcs',b'Tk.57',b'\xe0\xa6\xab\xe0\xa7\x8d\xe0\xa6\xb0\xe0\xa7\x87\xe0\xa6\xb6 \xe0\xa6\xb8\xe0\xa7\x8d\xe0\xa6\x9f\xe0\xa7\x87\xe0\xa6\xb6\xe0\xa6\xa8\xe0\xa6\xbe\xe0\xa6\xb0\xe0\xa7\x80'
b'Fresh Shine Ball Pen - 12 Pcs (Pouch)',b'Tk.57',b'\xe0\xa6\xab\xe0\xa7\x8d\xe0\xa6\xb0\xe0\xa7\x87\xe0\xa6\xb6 \xe0\xa6\xb8\xe0\xa7\x8d\xe0\xa6\x9f\xe0\xa7\x87\xe0\xa6\xb6\xe0\xa6\xa8\xe0\xa6\xbe\xe0\xa6\xb0\xe0\xa7\x80'
b'Fresh Campus Ball Pen - 12 Pcs',b'Tk.57',b'\xe0\xa6\xab\xe0\xa7\x8d\xe0\xa6\xb0\xe0\xa7\x87\xe0\xa6\xb6 \xe0\xa6\xb8\xe0\xa7\x8d\xe0\xa6\x9f\xe0\xa7\x87\xe0\xa6\xb6\xe0\xa6\xa8\xe0\xa6\xbe\xe0\xa6\xb0\xe0\xa7\x80'
b'Fresh Math Plain Khata (Standard Large) - 4 Pcs - Sewing Binding-84 Page',b'Tk.133',b'\xe0\xa6\xab\xe0\xa7\x8d\xe0\xa6\xb0\xe0\xa7\x87\xe0\xa6\xb6 \xe0\xa6\xb8\xe0\xa7\x8d\xe0\xa6\x9f\xe0\xa7\x87\xe0\xa6\xb6\xe0\xa6\xa8\xe0\xa6\xbe\xe0\xa6\xb0\xe0\xa7\x80'
b'Fresh English Khata (Standard Large) - 4 Pcs - Sewing Binding -84 Page',b'Tk.133',b'\xe0\xa6\xab\xe0\xa7\x8d\xe0\xa6\xb0\xe0\xa7\x87\xe0\xa6\xb6 \xe0\xa6\xb8\xe0\xa7\x8d\xe0\xa6\x9f\xe0\xa7\x87\xe0\xa6\xb6\xe0\xa6\xa8\xe0\xa6\xbe\xe0\xa6\xb0\xe0\xa7\x80'
b'Fresh Math Margin Khata (Standard Large) - 4 Pcs - Sweing Binding - 124 Page',b'Tk.160',b'\xe0\xa6\xab\xe0\xa7\x8d\xe0\xa6\xb0\xe0\xa7\x87\xe0\xa6\xb6 \xe0\xa6\xb8\xe0\xa7\x8d\xe0\xa6\x9f\xe0\xa7\x87\xe0\xa6\xb6\xe0\xa6\xa8\xe0\xa6\xbe\xe0\xa6\xb0\xe0\xa7\x80'
b'Fresh Math Plain Khata (Standard Large) - 4 Pcs - Sewing Binding -124 Page',b'Tk.160',b'\xe0\xa6\xab\xe0\xa7\x8d\xe0\xa6\xb0\xe0\xa7\x87\xe0\xa6\xb6 \xe0\xa6\xb8\xe0\xa7\x8d\xe0\xa6\x9f\xe0\xa7\x87\xe0\xa6\xb6\xe0\xa6\xa8\xe0\xa6\xbe\xe0\xa6\xb0\xe0\xa7\x80'
b'Fresh Bangla Khata (Standard Large) - 4 Pcs - Sweing Binding - 124 Page',b'Tk.160',b'\xe0\xa6\xab\xe0\xa7\x8d\xe0\xa6\xb0\xe0\xa7\x87\xe0\xa6\xb6 \xe0\xa6\xb8\xe0\xa7\x8d\xe0\xa6\x9f\xe0\xa7\x87\xe0\xa6\xb6\xe0\xa6\xa8\xe0\xa6\xbe\xe0\xa6\xb0\xe0\xa7\x80'
b'Fresh Math Plain Khata (Standard Large) - 4 Pcs - Sewing Binding -204 Page',b'Tk.258',b'\xe0\xa6\xab\xe0\xa7\x8d\xe0\xa6\xb0\xe0\xa7\x87\xe0\xa6\xb6 \xe0\xa6\xb8\xe0\xa7\x8d\xe0\xa6\x9f\xe0\xa7\x87\xe0\xa6\xb6\xe0\xa6\xa8\xe0\xa6\xbe\xe0\xa6\xb0\xe0\xa7\x80'
b'Fresh Math Margin Khata (Standard Large) - 4 Pcs - Stapler Binding -204 Page',b'Tk.247',b'\xe0\xa6\xab\xe0\xa7\x8d\xe0\xa6\xb0\xe0\xa7\x87\xe0\xa6\xb6 \xe0\xa6\xb8\xe0\xa7\x8d\xe0\xa6\x9f\xe0\xa7\x87\xe0\xa6\xb6\xe0\xa6\xa8\xe0\xa6\xbe\xe0\xa6\xb0\xe0\xa7\x80'
b'Fresh Math Plain Khata (Standard Large) - 4 Pcs - Stapler Binding -204 Page',b'Tk.247',b'\xe0\xa6\xab\xe0\xa7\x8d\xe0\xa6\xb0\xe0\xa7\x87\xe0\xa6\xb6 \xe0\xa6\xb8\xe0\xa7\x8d\xe0\xa6\x9f\xe0\xa7\x87\xe0\xa6\xb6\xe0\xa6\xa8\xe0\xa6\xbe\xe0\xa6\xb0\xe0\xa7\x80'
b'Fresh Math Margin Khata (Student Large) - 4 Pcs - Stapler Binding -84 Page',b'Tk.95',b'\xe0\xa6\xab\xe0\xa7\x8d\xe0\xa6\xb0\xe0\xa7\x87\xe0\xa6\xb6 \xe0\xa6\xb8\xe0\xa7\x8d\xe0\xa6\x9f\xe0\xa7\x87\xe0\xa6\xb6\xe0\xa6\xa8\xe0\xa6\xbe\xe0\xa6\xb0\xe0\xa7\x80'
b'Fresh English Khata (Student Large) - 4 Pcs - Stapler Binding-84 Page',b'Tk.95',b'\xe0\xa6\xab\xe0\xa7\x8d\xe0\xa6\xb0\xe0\xa7\x87\xe0\xa6\xb6 \xe0\xa6\xb8\xe0\xa7\x8d\xe0\xa6\x9f\xe0\xa7\x87\xe0\xa6\xb6\xe0\xa6\xa8\xe0\xa6\xbe\xe0\xa6\xb0\xe0\xa7\x80'
b'Fresh Bangla Khata (Student Large) - 4 Pcs - Stapler Binding -84 Page',b'Tk.95',b'\xe0\xa6\xab\xe0\xa7\x8d\xe0\xa6\xb0\xe0\xa7\x87\xe0\xa6\xb6 \xe0\xa6\xb8\xe0\xa7\x8d\xe0\xa6\x9f\xe0\xa7\x87\xe0\xa6\xb6\xe0\xa6\xa8\xe0\xa6\xbe\xe0\xa6\xb0\xe0\xa7\x80'
b'Fresh Math Plain Khata (Standard Large) - 4 Pcs - Stapler Binding -84 Page',b'Tk.106',b'\xe0\xa6\xab\xe0\xa7\x8d\xe0\xa6\xb0\xe0\xa7\x87\xe0\xa6\xb6 \xe0\xa6\xb8\xe0\xa7\x8d\xe0\xa6\x9f\xe0\xa7\x87\xe0\xa6\xb6\xe0\xa6\xa8\xe0\xa6\xbe\xe0\xa6\xb0\xe0\xa7\x80'
b'Fresh English Khata (Standard Large) -4 Pcs - Stapler Binding -84 Page',b'Tk.106',b'\xe0\xa6\xab\xe0\xa7\x8d\xe0\xa6\xb0\xe0\xa7\x87\xe0\xa6\xb6 \xe0\xa6\xb8\xe0\xa7\x8d\xe0\xa6\x9f\xe0\xa7\x87\xe0\xa6\xb6\xe0\xa6\xa8\xe0\xa6\xbe\xe0\xa6\xb0\xe0\xa7\x80'
b'Fresh Bangla Khata (Standard Large) - 4 Pcs - Stapler Binding -84 Page',b'Tk.106',b'\xe0\xa6\xab\xe0\xa7\x8d\xe0\xa6\xb0\xe0\xa7\x87\xe0\xa6\xb6 \xe0\xa6\xb8\xe0\xa7\x8d\xe0\xa6\x9f\xe0\xa7\x87\xe0\xa6\xb6\xe0\xa6\xa8\xe0\xa6\xbe\xe0\xa6\xb0\xe0\xa7\x80'
b'Fresh Bangla Khata (Standard Large) - 4 Pcs - Stapler Binding -124 Page',b'Tk.152',b'\xe0\xa6\xab\xe0\xa7\x8d\xe0\xa6\xb0\xe0\xa7\x87\xe0\xa6\xb6 \xe0\xa6\xb8\xe0\xa7\x8d\xe0\xa6\x9f\xe0\xa7\x87\xe0\xa6\xb6\xe0\xa6\xa8\xe0\xa6\xbe\xe0\xa6\xb0\xe0\xa7\x80'
b'Fresh Kids Math Square Khata  (Standard) - 4 Pcs - Stapler Binding -124 Page',b'Tk.95',b'\xe0\xa6\xab\xe0\xa7\x8d\xe0\xa6\xb0\xe0\xa7\x87\xe0\xa6\xb6 \xe0\xa6\xb8\xe0\xa7\x8d\xe0\xa6\x9f\xe0\xa7\x87\xe0\xa6\xb6\xe0\xa6\xa8\xe0\xa6\xbe\xe0\xa6\xb0\xe0\xa7\x80'
b'Top  - Janani Fast Gel Pen -5 Pcs - Red Ink',b'Tk.50',b'\xe0\xa6\x9f\xe0\xa6\xaa-\xe0\xa6\xaa\xe0\xa7\x87\xe0\xa6\xa8 \xe0\xa6\x8f\xe0\xa6\xa8\xe0\xa7\x8d\xe0\xa6\xa1 \xe0\xa6\xb8\xe0\xa7\x8d\xe0\xa6\x9f\xe0\xa7\x87\xe0\xa6\xb6\xe0\xa6\xa8\xe0\xa6\xbe\xe0\xa6\xb0\xe0\xa7\x80 \xe0\xa6\x87\xe0\xa6\xa8\xe0\xa7\x8d\xe0\xa6\xa1\xe0\xa6\xbe\xe0\xa6\xb8\xe0\xa7\x8d\xe0\xa6\x9f\xe0\xa7\x8d\xe0\xa6\xb0\xe0\xa6\xbf\xe0\xa6\xb8 \xe0\xa6\xb2\xe0\xa6\xbf:'
b'China Steel Pencil \xe2\x80\x8dand Pen Box - 1 Pcs - Pepsi Design',b'Tk.108',b'\xe0\xa6\xb9\xe0\xa7\x83\xe0\xa6\xa6 (\xe0\xa6\x9a\xe0\xa6\xbe\xe0\xa7\x9f\xe0\xa6\xa8\xe0\xa6\xbe \xe0\xa6\xb8\xe0\xa6\xbe\xe0\xa6\xaa\xe0\xa7\x8d\xe0\xa6\xb2\xe0\xa6\xbe\xe0\xa6\x87\xe0\xa7\x9f\xe0\xa6\xbe\xe0\xa6\xb0)'
"b'Montex Hy-Speed Smart Sparkle Gel Pen - 1 Pack =10 Pcs (Multicolor) - Orange, Green, Golden, Grey, Purple, Pink, Blue, Violet, Black, Red.'",b'Tk.142',b'\xe0\xa6\xae\xe0\xa6\xa8\xe0\xa6\x9f\xe0\xa7\x87\xe0\xa6\x95\xe0\xa7\x8d\xe0\xa6\xb8 \xe0\xa6\xaa\xe0\xa7\x87\xe0\xa6\xa8 \xe0\xa6\x87\xe0\xa6\xa8\xe0\xa7\x8d\xe0\xa6\xa1\xe0\xa6\xbe\xe0\xa6\xb8\xe0\xa7\x8d\xe0\xa6\x9f\xe0\xa7\x8d\xe0\xa6\xb0\xe0\xa6\xbf\xe0\xa6\xb8'
"b'Matador Glitter Color Gel Pen - 1 Pack - 5 Pcs - Orange, Green, Golden, Grey, Purple Color.'",b'Tk.75',b'Matador Group'
b'Matador Officemate Cutter Knife Big - 01 Pcs (Any Color) - M-37 (Anti Cutter)',b'Tk.80',b'Matador Group'
b'Matador Officemate Mini Stapler - 01 Pcs (Any Color) - Using Big Pin (24/6 Staples)',b'Tk.50',b'Matador Group'
b'Fresh A4 Paper - 80 GSM (500 Page) - 1 Pack',b'Tk.300',b'\xe0\xa6\xab\xe0\xa7\x8d\xe0\xa6\xb0\xe0\xa7\x87\xe0\xa6\xb6 \xe0\xa6\xb8\xe0\xa7\x8d\xe0\xa6\x9f\xe0\xa7\x87\xe0\xa6\xb6\xe0\xa6\xa8\xe0\xa6\xbe\xe0\xa6\xb0\xe0\xa7\x80'
b'Khair Peelu Miswak In Holder - 01 Pcs',b'Tk.40',b'Khair Natural'
b'Matador Officemate Punch (Regular) - 01 Pcs - Any Color',b'Tk.110',b'Matador Group'
b'Top - Janani Easy Bag - 01 Pcs (Any Color)',b'Tk.30',b'\xe0\xa6\x9f\xe0\xa6\xaa-\xe0\xa6\xaa\xe0\xa7\x87\xe0\xa6\xa8 \xe0\xa6\x8f\xe0\xa6\xa8\xe0\xa7\x8d\xe0\xa6\xa1 \xe0\xa6\xb8\xe0\xa7\x8d\xe0\xa6\x9f\xe0\xa7\x87\xe0\xa6\xb6\xe0\xa6\xa8\xe0\xa6\xbe\xe0\xa6\xb0\xe0\xa7\x80 \xe0\xa6\x87\xe0\xa6\xa8\xe0\xa7\x8d\xe0\xa6\xa1\xe0\xa6\xbe\xe0\xa6\xb8\xe0\xa7\x8d\xe0\xa6\x9f\xe0\xa7\x8d\xe0\xa6\xb0\xe0\xa6\xbf\xe0\xa6\xb8 \xe0\xa6\xb2\xe0\xa6\xbf:'
b'Al Fares - Al-Rehab Concentrated Perfume For Men and Women -6 ML',b'Tk.158',b'Al-Rehab'
b'Saat Safa - Al-Rehab Concentrated Perfume For Men and Women -6 ML',b'Tk.158',b'Al-Rehab'
b'Al-Nuaim Lords Attar - 8ml',b'Tk.146',b'Al-Nuaim'
b'Al-Nuaim Arabian Oudh Attar - 6ml',b'Tk.145',b'Al-Nuaim'
b'Econo Ocean Pen - Black Color Body (5 pcs) - Black Color Body',b'Tk.50',b'GQ Ball Pen Industries'
b'Key Ring : Kevin the Minion',b'Tk.120',b'\xe0\xa6\x89\xe0\xa6\x87\xe0\xa6\xb6\xe0\xa6\xac\xe0\xa6\x95\xe0\xa7\x8d\xe0\xa6\xb8'
b'Key Ring : Marie',b'Tk.120',b'\xe0\xa6\x89\xe0\xa6\x87\xe0\xa6\xb6\xe0\xa6\xac\xe0\xa6\x95\xe0\xa7\x8d\xe0\xa6\xb8'
b'Key Ring : Pulsar Bike',b'Tk.150',b'\xe0\xa6\x89\xe0\xa6\x87\xe0\xa6\xb6\xe0\xa6\xac\xe0\xa6\x95\xe0\xa7\x8d\xe0\xa6\xb8'
b'Al-Nuaim Sandal Woody Attar-2.25ml',b'Tk.80',b'Al-Nuaim'
b'Al-Nuaim Salma Attar-2.25ml',b'Tk.80',b'Al-Nuaim'
b'Shy Face Vinyl Decals Removable Sticker For Washroom - (WR92)',b'Tk.199',b'\xe0\xa6\xa1\xe0\xa6\xbf\xe0\xa6\xa1\xe0\xa7\x87\xe0\xa6\x95\xe0\xa7\x8b\xe0\xa6\xb0\xe0\xa7\x87\xe0\xa6\x9f\xe0\xa6\xb0'
b'Al-Nuamin White Oudh Attar -8 ml (Unisex)',b'Tk.124',b'Al-Nuaim'
b'Matador Student Backpack (MA01) - Brown',"b'Tk.1,200'",b'\xe0\xa6\xae\xe0\xa7\x8d\xe0\xa6\xaf\xe0\xa6\xbe\xe0\xa6\x9f\xe0\xa6\xbe\xe0\xa6\xa1\xe0\xa7\x8b\xe0\xa6\xb0 \xe0\xa6\xac\xe0\xa7\x8d\xe0\xa6\xaf\xe0\xa6\xbe\xe0\xa6\x95\xe0\xa6\xaa\xe0\xa7\x8d\xe0\xa6\xaf\xe0\xa6\xbe\xe0\xa6\x95'
b'Matador Student Backpack (MA01) - Maroon',"b'Tk.1,200'",b'\xe0\xa6\xae\xe0\xa7\x8d\xe0\xa6\xaf\xe0\xa6\xbe\xe0\xa6\x9f\xe0\xa6\xbe\xe0\xa6\xa1\xe0\xa7\x8b\xe0\xa6\xb0 \xe0\xa6\xac\xe0\xa7\x8d\xe0\xa6\xaf\xe0\xa6\xbe\xe0\xa6\x95\xe0\xa6\xaa\xe0\xa7\x8d\xe0\xa6\xaf\xe0\xa6\xbe\xe0\xa6\x95'
b'Matador Officemate Staple Pin (Big) - 01 Box (10 Pack)',b'Tk.152',b'Matador Group'
b'Matador Officemate Staple Pin (Big) - 01 Pack',b'Tk.15',b'Matador Group'
b'Matador Officemate Correction Pen - 01 Pcs',b'Tk.50',b'Matador Group'
b'Matador White Board Marker-Black (Mark Pro 3000) - 1 Pcs',b'Tk.35',b'Matador Group'
b'Matador White Board Marker-Black (Mark Pro 3000) - 12 Pcs',b'Tk.399',b'Matador Group'
b'Matador Doraemon Pencil Case - 01 Pcs (Any Color)',b'Tk.50',b'Matador Group'
b'England Old Archaeology Design Floral Spiral Khata (White) - 300 Pages',b'Tk.90',b'Hearts Bangladesh'
b'England Old Archaeology Design Floral Spiral Khata (White) - 120 Pages',b'Tk.48',b'Hearts Bangladesh'
b'Etcbooth Exercise Mathematics Khata (EEB-06)',b'Tk.60',b'ETCBOOTH'
b'Etcbooth Exercise Mathematics Khata (EEB-05)',b'Tk.42',b'ETCBOOTH'
b'Etcbooth Exercise Bangla Khata (EEB-04)',b'Tk.42',b'ETCBOOTH'
b'Etcbooth Exercise Mathematics Khata (EEB-03)',b'Tk.32',b'ETCBOOTH'
b'Etcbooth Exercise English Khata (EEB-02)',b'Tk.32',b'ETCBOOTH'
b'Etcbooth Exercise Bangla Khata (EEB-01)',b'Tk.32',b'ETCBOOTH'
b'Matador Twinkle Eraser - 1 Box (24 Pcs)',b'Tk.216',b'Matador Group'
b'Matador Report Cover (Plastic cilp) - 01 Pcs (Any color)',b'Tk.15',b'Matador Group'
b'Matador Zipper Admit Twin - 01 Pcs (Any Design)',b'Tk.12',b'Matador Group'
b'Matador Officemate Stapler (Big) -01 Pcs (Any Color)',b'Tk.115',b'Matador Group'
b'Matador All Time Scale (15cm) - 01 Pcs',b'Tk.10',b'Matador Group'
b'Matador All Time Scale (30cm) - 01 Pcs',b'Tk.15',b'Matador Group'
b'Matador Genius HB Pencils - 1 Pack',b'Tk.102',b'Matador Group'
b'Matador Genius 2B Pencils - 1 Pack',b'Tk.102',b'Matador Group'
b'Matador Venus 4B Pencil - 1 Pack',b'Tk.120',b'Matador Group'
b'Matador Radiant Premium Ballpen - Black Ink - 06 Pcs',b'Tk.60',b'Matador Group'
b'Matador Ocean Gel - Black Ink - 05 Pcs',b'Tk.50',b'Matador Group'
b'Matador Ocean Gel - Blue Ink - 05 Pcs',b'Tk.50',b'Matador Group'
b'Matador Aqua Gel Pen - Blue Ink - 05 Pcs',b'Tk.50',b'Matador Group'
b'Matador Aqua Gel Pen - Black Ink - 05 Pcs',b'Tk.50',b'Matador Group'
b'Matador i-teen Gel pen - Black Ink - 06 Pcs',b'Tk.72',b'Matador Group'
b'Matador Envoy Premium Ballpen - Black Ink - 05 Pcs',b'Tk.50',b'Matador Group'
b'Faber Castell Glue Stick - 01 Pcs',b'Tk.30',b'\xe0\xa6\xab\xe0\xa7\x87\xe0\xa6\xac\xe0\xa6\xbe\xe0\xa6\xb0 \xe0\xa6\x95\xe0\xa7\x8d\xe0\xa6\xaf\xe0\xa6\xbe\xe0\xa6\xb8\xe0\xa7\x87\xe0\xa6\xb2'
b'Bubble Mechanical pencil 0.5 mm (Extra 12 Leads) - Any Color',b'Tk.110',b'\xe0\xa6\xab\xe0\xa7\x87\xe0\xa6\xac\xe0\xa6\xbe\xe0\xa6\xb0 \xe0\xa6\x95\xe0\xa7\x8d\xe0\xa6\xaf\xe0\xa6\xbe\xe0\xa6\xb8\xe0\xa7\x87\xe0\xa6\xb2'
b'Faber Castell Fibre-Trip Colour markers Pen 45F-(01 Pack - 12) Pcs)',b'Tk.70',b'\xe0\xa6\xab\xe0\xa7\x87\xe0\xa6\xac\xe0\xa6\xbe\xe0\xa6\xb0 \xe0\xa6\x95\xe0\xa7\x8d\xe0\xa6\xaf\xe0\xa6\xbe\xe0\xa6\xb8\xe0\xa7\x87\xe0\xa6\xb2'
b'Faber Castell Artist Water Color - 1 Pack - 12 Colors',b'Tk.240',b'\xe0\xa6\xab\xe0\xa7\x87\xe0\xa6\xac\xe0\xa6\xbe\xe0\xa6\xb0 \xe0\xa6\x95\xe0\xa7\x8d\xe0\xa6\xaf\xe0\xa6\xbe\xe0\xa6\xb8\xe0\xa7\x87\xe0\xa6\xb2'
b'Faber Castell  Oil Pastels New - 36 Colors',b'Tk.400',b'\xe0\xa6\xab\xe0\xa7\x87\xe0\xa6\xac\xe0\xa6\xbe\xe0\xa6\xb0 \xe0\xa6\x95\xe0\xa7\x8d\xe0\xa6\xaf\xe0\xa6\xbe\xe0\xa6\xb8\xe0\xa7\x87\xe0\xa6\xb2'
b'Faber Castell Textliner - Green Color - 01 Pcs',b'Tk.35',b'\xe0\xa6\xab\xe0\xa7\x87\xe0\xa6\xac\xe0\xa6\xbe\xe0\xa6\xb0 \xe0\xa6\x95\xe0\xa7\x8d\xe0\xa6\xaf\xe0\xa6\xbe\xe0\xa6\xb8\xe0\xa7\x87\xe0\xa6\xb2'
b'Faber Castell Scale - 12 - Slim',b'Tk.25',b'\xe0\xa6\xab\xe0\xa7\x87\xe0\xa6\xac\xe0\xa6\xbe\xe0\xa6\xb0 \xe0\xa6\x95\xe0\xa7\x8d\xe0\xa6\xaf\xe0\xa6\xbe\xe0\xa6\xb8\xe0\xa7\x87\xe0\xa6\xb2'
b'Small Scale - 6',b'Tk.12',b'\xe0\xa6\xab\xe0\xa7\x87\xe0\xa6\xac\xe0\xa6\xbe\xe0\xa6\xb0 \xe0\xa6\x95\xe0\xa7\x8d\xe0\xa6\xaf\xe0\xa6\xbe\xe0\xa6\xb8\xe0\xa7\x87\xe0\xa6\xb2'
b'Faber Castell Geometry Box',b'Tk.200',b'\xe0\xa6\xab\xe0\xa7\x87\xe0\xa6\xac\xe0\xa6\xbe\xe0\xa6\xb0 \xe0\xa6\x95\xe0\xa7\x8d\xe0\xa6\xaf\xe0\xa6\xbe\xe0\xa6\xb8\xe0\xa7\x87\xe0\xa6\xb2'
b'Permanent Marker-1 pcs (Red)',b'Tk.40',b'\xe0\xa6\xab\xe0\xa7\x87\xe0\xa6\xac\xe0\xa6\xbe\xe0\xa6\xb0 \xe0\xa6\x95\xe0\xa7\x8d\xe0\xa6\xaf\xe0\xa6\xbe\xe0\xa6\xb8\xe0\xa7\x87\xe0\xa6\xb2'
b'Permanent Marker-1 pcs (Green)',b'Tk.40',b'\xe0\xa6\xab\xe0\xa7\x87\xe0\xa6\xac\xe0\xa6\xbe\xe0\xa6\xb0 \xe0\xa6\x95\xe0\xa7\x8d\xe0\xa6\xaf\xe0\xa6\xbe\xe0\xa6\xb8\xe0\xa7\x87\xe0\xa6\xb2'
b'Permanent Marker-1 pcs (Blue)',b'Tk.40',b'\xe0\xa6\xab\xe0\xa7\x87\xe0\xa6\xac\xe0\xa6\xbe\xe0\xa6\xb0 \xe0\xa6\x95\xe0\xa7\x8d\xe0\xa6\xaf\xe0\xa6\xbe\xe0\xa6\xb8\xe0\xa7\x87\xe0\xa6\xb2'
b'Permanent Marker-1 pcs (Black Ink)',b'Tk.40',b'\xe0\xa6\xab\xe0\xa7\x87\xe0\xa6\xac\xe0\xa6\xbe\xe0\xa6\xb0 \xe0\xa6\x95\xe0\xa7\x8d\xe0\xa6\xaf\xe0\xa6\xbe\xe0\xa6\xb8\xe0\xa7\x87\xe0\xa6\xb2'
b'White Board Marker-1 pcs (Red)',b'Tk.40',b'\xe0\xa6\xab\xe0\xa7\x87\xe0\xa6\xac\xe0\xa6\xbe\xe0\xa6\xb0 \xe0\xa6\x95\xe0\xa7\x8d\xe0\xa6\xaf\xe0\xa6\xbe\xe0\xa6\xb8\xe0\xa7\x87\xe0\xa6\xb2'
b'White Board Marker-1 pcs (Green)',b'Tk.40',b'\xe0\xa6\xab\xe0\xa7\x87\xe0\xa6\xac\xe0\xa6\xbe\xe0\xa6\xb0 \xe0\xa6\x95\xe0\xa7\x8d\xe0\xa6\xaf\xe0\xa6\xbe\xe0\xa6\xb8\xe0\xa7\x87\xe0\xa6\xb2'
b'White Board Marker-1 pcs (Blue)',b'Tk.40',b'\xe0\xa6\xab\xe0\xa7\x87\xe0\xa6\xac\xe0\xa6\xbe\xe0\xa6\xb0 \xe0\xa6\x95\xe0\xa7\x8d\xe0\xa6\xaf\xe0\xa6\xbe\xe0\xa6\xb8\xe0\xa7\x87\xe0\xa6\xb2'
b'White Board Marker-1 pcs (Black Ink )',b'Tk.40',b'\xe0\xa6\xab\xe0\xa7\x87\xe0\xa6\xac\xe0\xa6\xbe\xe0\xa6\xb0 \xe0\xa6\x95\xe0\xa7\x8d\xe0\xa6\xaf\xe0\xa6\xbe\xe0\xa6\xb8\xe0\xa7\x87\xe0\xa6\xb2'
b'Water Colour pencil Long  (36 colours) With Free High Quality Brush',b'Tk.756',b'\xe0\xa6\xab\xe0\xa7\x87\xe0\xa6\xac\xe0\xa6\xbe\xe0\xa6\xb0 \xe0\xa6\x95\xe0\xa7\x8d\xe0\xa6\xaf\xe0\xa6\xbe\xe0\xa6\xb8\xe0\xa7\x87\xe0\xa6\xb2'
b'Classic Color Short (12 Colors)',b'Tk.94',b'\xe0\xa6\xab\xe0\xa7\x87\xe0\xa6\xac\xe0\xa6\xbe\xe0\xa6\xb0 \xe0\xa6\x95\xe0\xa7\x8d\xe0\xa6\xaf\xe0\xa6\xbe\xe0\xa6\xb8\xe0\xa7\x87\xe0\xa6\xb2'
b'Gold Faber 2H(12 Pencil)',b'Tk.274',b'\xe0\xa6\xab\xe0\xa7\x87\xe0\xa6\xac\xe0\xa6\xbe\xe0\xa6\xb0 \xe0\xa6\x95\xe0\xa7\x8d\xe0\xa6\xaf\xe0\xa6\xbe\xe0\xa6\xb8\xe0\xa7\x87\xe0\xa6\xb2'
b'Gold Faber 6B(12 Pencil)',b'Tk.304',b'\xe0\xa6\xab\xe0\xa7\x87\xe0\xa6\xac\xe0\xa6\xbe\xe0\xa6\xb0 \xe0\xa6\x95\xe0\xa7\x8d\xe0\xa6\xaf\xe0\xa6\xbe\xe0\xa6\xb8\xe0\xa7\x87\xe0\xa6\xb2'
b'Gold Faber 4B(12 Pencil)',b'Tk.274',b'\xe0\xa6\xab\xe0\xa7\x87\xe0\xa6\xac\xe0\xa6\xbe\xe0\xa6\xb0 \xe0\xa6\x95\xe0\xa7\x8d\xe0\xa6\xaf\xe0\xa6\xbe\xe0\xa6\xb8\xe0\xa7\x87\xe0\xa6\xb2'
b'Gold Faber 3B(12 Pencil)',b'Tk.251',b'\xe0\xa6\xab\xe0\xa7\x87\xe0\xa6\xac\xe0\xa6\xbe\xe0\xa6\xb0 \xe0\xa6\x95\xe0\xa7\x8d\xe0\xa6\xaf\xe0\xa6\xbe\xe0\xa6\xb8\xe0\xa7\x87\xe0\xa6\xb2'
b'Gold Faber 2B (12 Pencil)',b'Tk.190',b'\xe0\xa6\xab\xe0\xa7\x87\xe0\xa6\xac\xe0\xa6\xbe\xe0\xa6\xb0 \xe0\xa6\x95\xe0\xa7\x8d\xe0\xa6\xaf\xe0\xa6\xbe\xe0\xa6\xb8\xe0\xa7\x87\xe0\xa6\xb2'
b'Gold Faber HB (12 Pencil)',b'Tk.190',b'\xe0\xa6\xab\xe0\xa7\x87\xe0\xa6\xac\xe0\xa6\xbe\xe0\xa6\xb0 \xe0\xa6\x95\xe0\xa7\x8d\xe0\xa6\xaf\xe0\xa6\xbe\xe0\xa6\xb8\xe0\xa7\x87\xe0\xa6\xb2'
b'Red Matt 2B (12 Pencil)',b'Tk.102',b'\xe0\xa6\xab\xe0\xa7\x87\xe0\xa6\xac\xe0\xa6\xbe\xe0\xa6\xb0 \xe0\xa6\x95\xe0\xa7\x8d\xe0\xa6\xaf\xe0\xa6\xbe\xe0\xa6\xb8\xe0\xa7\x87\xe0\xa6\xb2'
b'Red Matt HB Pencil (12 Pcs)',b'Tk.102',b'\xe0\xa6\xab\xe0\xa7\x87\xe0\xa6\xac\xe0\xa6\xbe\xe0\xa6\xb0 \xe0\xa6\x95\xe0\xa7\x8d\xe0\xa6\xaf\xe0\xa6\xbe\xe0\xa6\xb8\xe0\xa7\x87\xe0\xa6\xb2'
b'Sketch Book - River Sitde Design',b'Tk.100',b'Hearts Bangladesh'
b'Sketch Book - \xe0\xa6\x9d\xe0\xa7\x81\xe0\xa6\xb2\xe0\xa6\xa8\xe0\xa7\x8d\xe0\xa6\xa4 \xe0\xa6\xac\xe0\xa7\x8d\xe0\xa6\xb0\xe0\xa6\xbf\xe0\xa6\x9c \xe0\xa6\xa1\xe0\xa6\xbf\xe0\xa6\x9c\xe0\xa6\xbe\xe0\xa6\x87\xe0\xa6\xa8',b'Tk.100',b'Hearts Bangladesh'
b'Al-Nuaim Attar Rooh e Kasturi-6ml',b'Tk.120',b'Al-Nuaim'
b'Al-Nuaim Attar Open Black-6 ml',b'Tk.120',b'Al-Nuaim'
b'Cyan Tasbih White And Skey Blue',b'Tk.80',b'Al-Ashaq Foreign Ator House'
b'Cyan Tasbih White And Blue',b'Tk.80',b'Al-Ashaq Foreign Ator House'
b'Cyan Tasbih White',b'Tk.90',b'Al-Ashaq Foreign Ator House'
b'Al-Rehab Rasha Attar-6 ml',b'Tk.180',b'Al-Rehab'
b'Matador Student Backpack (MA01) - Blue',"b'Tk.1,200'",b'\xe0\xa6\xae\xe0\xa7\x8d\xe0\xa6\xaf\xe0\xa6\xbe\xe0\xa6\x9f\xe0\xa6\xbe\xe0\xa6\xa1\xe0\xa7\x8b\xe0\xa6\xb0 \xe0\xa6\xac\xe0\xa7\x8d\xe0\xa6\xaf\xe0\xa6\xbe\xe0\xa6\x95\xe0\xa6\xaa\xe0\xa7\x8d\xe0\xa6\xaf\xe0\xa6\xbe\xe0\xa6\x95'
b'Black Oud Otoori Arabian  Perfumes  Attar-15ml',b'Tk.468',b'Otoori Perfumes'
b'Khata Chain Breaker - Spiral Notebook [300 Pages] [Black  - RV_0018',b'Tk.85',b'\xe0\xa6\xb0\xe0\xa7\x87\xe0\xa6\xad\xe0\xa6\xbe\xe0\xa6\xb0\xe0\xa6\xbf \xe0\xa6\xaa\xe0\xa6\xbe\xe0\xa6\xac\xe0\xa6\xb2\xe0\xa6\xbf\xe0\xa6\x95\xe0\xa7\x87\xe0\xa6\xb6\xe0\xa6\xa8\xe0\xa7\x8d\xe0\xa6\xb8'
b'Top - Janani Liner Bag - 01 Pcs (Any Color End Binding)',b'Tk.40',b'\xe0\xa6\x9f\xe0\xa6\xaa-\xe0\xa6\xaa\xe0\xa7\x87\xe0\xa6\xa8 \xe0\xa6\x8f\xe0\xa6\xa8\xe0\xa7\x8d\xe0\xa6\xa1 \xe0\xa6\xb8\xe0\xa7\x8d\xe0\xa6\x9f\xe0\xa7\x87\xe0\xa6\xb6\xe0\xa6\xa8\xe0\xa6\xbe\xe0\xa6\xb0\xe0\xa7\x80 \xe0\xa6\x87\xe0\xa6\xa8\xe0\xa7\x8d\xe0\xa6\xa1\xe0\xa6\xbe\xe0\xa6\xb8\xe0\xa7\x8d\xe0\xa6\x9f\xe0\xa7\x8d\xe0\xa6\xb0\xe0\xa6\xbf\xe0\xa6\xb8 \xe0\xa6\xb2\xe0\xa6\xbf:'
b'Pencil Box 883 With Cutter Box And Double Chamber - 01 Pcs (Any Style and Color)',b'Tk.152',b'\xe0\xa6\x9f\xe0\xa6\xaa-\xe0\xa6\xaa\xe0\xa7\x87\xe0\xa6\xa8 \xe0\xa6\x8f\xe0\xa6\xa8\xe0\xa7\x8d\xe0\xa6\xa1 \xe0\xa6\xb8\xe0\xa7\x8d\xe0\xa6\x9f\xe0\xa7\x87\xe0\xa6\xb6\xe0\xa6\xa8\xe0\xa6\xbe\xe0\xa6\xb0\xe0\xa7\x80 \xe0\xa6\x87\xe0\xa6\xa8\xe0\xa7\x8d\xe0\xa6\xa1\xe0\xa6\xbe\xe0\xa6\xb8\xe0\xa7\x8d\xe0\xa6\x9f\xe0\xa7\x8d\xe0\xa6\xb0\xe0\xa6\xbf\xe0\xa6\xb8 \xe0\xa6\xb2\xe0\xa6\xbf:'
b'Top Janani Eraser - 10 Pcs',b'Tk.68',b'\xe0\xa6\x9f\xe0\xa6\xaa-\xe0\xa6\xaa\xe0\xa7\x87\xe0\xa6\xa8 \xe0\xa6\x8f\xe0\xa6\xa8\xe0\xa7\x8d\xe0\xa6\xa1 \xe0\xa6\xb8\xe0\xa7\x8d\xe0\xa6\x9f\xe0\xa7\x87\xe0\xa6\xb6\xe0\xa6\xa8\xe0\xa6\xbe\xe0\xa6\xb0\xe0\xa7\x80 \xe0\xa6\x87\xe0\xa6\xa8\xe0\xa7\x8d\xe0\xa6\xa1\xe0\xa6\xbe\xe0\xa6\xb8\xe0\xa7\x8d\xe0\xa6\x9f\xe0\xa7\x8d\xe0\xa6\xb0\xe0\xa6\xbf\xe0\xa6\xb8 \xe0\xa6\xb2\xe0\xa6\xbf:'
b'Matador University  Backpack (MA06) - Black',"b'Tk.1,500'",b'\xe0\xa6\xae\xe0\xa7\x8d\xe0\xa6\xaf\xe0\xa6\xbe\xe0\xa6\x9f\xe0\xa6\xbe\xe0\xa6\xa1\xe0\xa7\x8b\xe0\xa6\xb0 \xe0\xa6\xac\xe0\xa7\x8d\xe0\xa6\xaf\xe0\xa6\xbe\xe0\xa6\x95\xe0\xa6\xaa\xe0\xa7\x8d\xe0\xa6\xaf\xe0\xa6\xbe\xe0\xa6\x95'
b'Top Spiral Drawing Khata - 01 Pcs (Any Style and Color)',b'Tk.65',b'\xe0\xa6\x9f\xe0\xa6\xaa-\xe0\xa6\xaa\xe0\xa7\x87\xe0\xa6\xa8 \xe0\xa6\x8f\xe0\xa6\xa8\xe0\xa7\x8d\xe0\xa6\xa1 \xe0\xa6\xb8\xe0\xa7\x8d\xe0\xa6\x9f\xe0\xa7\x87\xe0\xa6\xb6\xe0\xa6\xa8\xe0\xa6\xbe\xe0\xa6\xb0\xe0\xa7\x80 \xe0\xa6\x87\xe0\xa6\xa8\xe0\xa7\x8d\xe0\xa6\xa1\xe0\xa6\xbe\xe0\xa6\xb8\xe0\xa7\x8d\xe0\xa6\x9f\xe0\xa7\x8d\xe0\xa6\xb0\xe0\xa6\xbf\xe0\xa6\xb8 \xe0\xa6\xb2\xe0\xa6\xbf:'
b'Top Demai Drawing Khata  - 01 Pcs (Any Style and Color)',b'Tk.65',b'\xe0\xa6\x9f\xe0\xa6\xaa-\xe0\xa6\xaa\xe0\xa7\x87\xe0\xa6\xa8 \xe0\xa6\x8f\xe0\xa6\xa8\xe0\xa7\x8d\xe0\xa6\xa1 \xe0\xa6\xb8\xe0\xa7\x8d\xe0\xa6\x9f\xe0\xa7\x87\xe0\xa6\xb6\xe0\xa6\xa8\xe0\xa6\xbe\xe0\xa6\xb0\xe0\xa7\x80 \xe0\xa6\x87\xe0\xa6\xa8\xe0\xa7\x8d\xe0\xa6\xa1\xe0\xa6\xbe\xe0\xa6\xb8\xe0\xa7\x8d\xe0\xa6\x9f\xe0\xa7\x8d\xe0\xa6\xb0\xe0\xa6\xbf\xe0\xa6\xb8 \xe0\xa6\xb2\xe0\xa6\xbf:'
b'Top Sprial  300 Page Khata - 01 Pcs (Any Style and Color)',b'Tk.85',b'\xe0\xa6\x9f\xe0\xa6\xaa-\xe0\xa6\xaa\xe0\xa7\x87\xe0\xa6\xa8 \xe0\xa6\x8f\xe0\xa6\xa8\xe0\xa7\x8d\xe0\xa6\xa1 \xe0\xa6\xb8\xe0\xa7\x8d\xe0\xa6\x9f\xe0\xa7\x87\xe0\xa6\xb6\xe0\xa6\xa8\xe0\xa6\xbe\xe0\xa6\xb0\xe0\xa7\x80 \xe0\xa6\x87\xe0\xa6\xa8\xe0\xa7\x8d\xe0\xa6\xa1\xe0\xa6\xbe\xe0\xa6\xb8\xe0\xa7\x8d\xe0\xa6\x9f\xe0\xa7\x8d\xe0\xa6\xb0\xe0\xa6\xbf\xe0\xa6\xb8 \xe0\xa6\xb2\xe0\xa6\xbf:'
b'Top Sprial  200 Page Khata - 01 Pcs (Any Style and Color)',b'Tk.65',b'\xe0\xa6\x9f\xe0\xa6\xaa-\xe0\xa6\xaa\xe0\xa7\x87\xe0\xa6\xa8 \xe0\xa6\x8f\xe0\xa6\xa8\xe0\xa7\x8d\xe0\xa6\xa1 \xe0\xa6\xb8\xe0\xa7\x8d\xe0\xa6\x9f\xe0\xa7\x87\xe0\xa6\xb6\xe0\xa6\xa8\xe0\xa6\xbe\xe0\xa6\xb0\xe0\xa7\x80 \xe0\xa6\x87\xe0\xa6\xa8\xe0\xa7\x8d\xe0\xa6\xa1\xe0\xa6\xbe\xe0\xa6\xb8\xe0\xa7\x8d\xe0\xa6\x9f\xe0\xa7\x8d\xe0\xa6\xb0\xe0\xa6\xbf\xe0\xa6\xb8 \xe0\xa6\xb2\xe0\xa6\xbf:'
b'Top Sprial 120 Page Khata - 01 Pcs (Any Style and Color)',b'Tk.42',b'\xe0\xa6\x9f\xe0\xa6\xaa-\xe0\xa6\xaa\xe0\xa7\x87\xe0\xa6\xa8 \xe0\xa6\x8f\xe0\xa6\xa8\xe0\xa7\x8d\xe0\xa6\xa1 \xe0\xa6\xb8\xe0\xa7\x8d\xe0\xa6\x9f\xe0\xa7\x87\xe0\xa6\xb6\xe0\xa6\xa8\xe0\xa6\xbe\xe0\xa6\xb0\xe0\xa7\x80 \xe0\xa6\x87\xe0\xa6\xa8\xe0\xa7\x8d\xe0\xa6\xa1\xe0\xa6\xbe\xe0\xa6\xb8\xe0\xa7\x8d\xe0\xa6\x9f\xe0\xa7\x8d\xe0\xa6\xb0\xe0\xa6\xbf\xe0\xa6\xb8 \xe0\xa6\xb2\xe0\xa6\xbf:'
b'Top Demai 300 Page Khata - 01 Pcs (Any Style and Color)',b'Tk.82',b'\xe0\xa6\x9f\xe0\xa6\xaa-\xe0\xa6\xaa\xe0\xa7\x87\xe0\xa6\xa8 \xe0\xa6\x8f\xe0\xa6\xa8\xe0\xa7\x8d\xe0\xa6\xa1 \xe0\xa6\xb8\xe0\xa7\x8d\xe0\xa6\x9f\xe0\xa7\x87\xe0\xa6\xb6\xe0\xa6\xa8\xe0\xa6\xbe\xe0\xa6\xb0\xe0\xa7\x80 \xe0\xa6\x87\xe0\xa6\xa8\xe0\xa7\x8d\xe0\xa6\xa1\xe0\xa6\xbe\xe0\xa6\xb8\xe0\xa7\x8d\xe0\xa6\x9f\xe0\xa7\x8d\xe0\xa6\xb0\xe0\xa6\xbf\xe0\xa6\xb8 \xe0\xa6\xb2\xe0\xa6\xbf:'
b'Top Demai 200 Page Khata - 01 Pcs (Any Style and Color)',b'Tk.60',b'\xe0\xa6\x9f\xe0\xa6\xaa-\xe0\xa6\xaa\xe0\xa7\x87\xe0\xa6\xa8 \xe0\xa6\x8f\xe0\xa6\xa8\xe0\xa7\x8d\xe0\xa6\xa1 \xe0\xa6\xb8\xe0\xa7\x8d\xe0\xa6\x9f\xe0\xa7\x87\xe0\xa6\xb6\xe0\xa6\xa8\xe0\xa6\xbe\xe0\xa6\xb0\xe0\xa7\x80 \xe0\xa6\x87\xe0\xa6\xa8\xe0\xa7\x8d\xe0\xa6\xa1\xe0\xa6\xbe\xe0\xa6\xb8\xe0\xa7\x8d\xe0\xa6\x9f\xe0\xa7\x8d\xe0\xa6\xb0\xe0\xa6\xbf\xe0\xa6\xb8 \xe0\xa6\xb2\xe0\xa6\xbf:'
b'Top Demai 120 Page Khata - 01 Pcs (Any Style and Color)',b'Tk.40',b'\xe0\xa6\x9f\xe0\xa6\xaa-\xe0\xa6\xaa\xe0\xa7\x87\xe0\xa6\xa8 \xe0\xa6\x8f\xe0\xa6\xa8\xe0\xa7\x8d\xe0\xa6\xa1 \xe0\xa6\xb8\xe0\xa7\x8d\xe0\xa6\x9f\xe0\xa7\x87\xe0\xa6\xb6\xe0\xa6\xa8\xe0\xa6\xbe\xe0\xa6\xb0\xe0\xa7\x80 \xe0\xa6\x87\xe0\xa6\xa8\xe0\xa7\x8d\xe0\xa6\xa1\xe0\xa6\xbe\xe0\xa6\xb8\xe0\xa7\x8d\xe0\xa6\x9f\xe0\xa7\x8d\xe0\xa6\xb0\xe0\xa6\xbf\xe0\xa6\xb8 \xe0\xa6\xb2\xe0\xa6\xbf:'
b'Top Fantasy Extra Dark 2B Pencil - 10Pcs (Different Body Color)',b'Tk.80',b'\xe0\xa6\x9f\xe0\xa6\xaa-\xe0\xa6\xaa\xe0\xa7\x87\xe0\xa6\xa8 \xe0\xa6\x8f\xe0\xa6\xa8\xe0\xa7\x8d\xe0\xa6\xa1 \xe0\xa6\xb8\xe0\xa7\x8d\xe0\xa6\x9f\xe0\xa7\x87\xe0\xa6\xb6\xe0\xa6\xa8\xe0\xa6\xbe\xe0\xa6\xb0\xe0\xa7\x80 \xe0\xa6\x87\xe0\xa6\xa8\xe0\xa7\x8d\xe0\xa6\xa1\xe0\xa6\xbe\xe0\xa6\xb8\xe0\xa7\x8d\xe0\xa6\x9f\xe0\xa7\x8d\xe0\xa6\xb0\xe0\xa6\xbf\xe0\xa6\xb8 \xe0\xa6\xb2\xe0\xa6\xbf:'
b'Top Fantasy Extra Dark HB Hand Writing Pencil - 10Pcs (Different Body Color)',b'Tk.80',b'\xe0\xa6\x9f\xe0\xa6\xaa-\xe0\xa6\xaa\xe0\xa7\x87\xe0\xa6\xa8 \xe0\xa6\x8f\xe0\xa6\xa8\xe0\xa7\x8d\xe0\xa6\xa1 \xe0\xa6\xb8\xe0\xa7\x8d\xe0\xa6\x9f\xe0\xa7\x87\xe0\xa6\xb6\xe0\xa6\xa8\xe0\xa6\xbe\xe0\xa6\xb0\xe0\xa7\x80 \xe0\xa6\x87\xe0\xa6\xa8\xe0\xa7\x8d\xe0\xa6\xa1\xe0\xa6\xbe\xe0\xa6\xb8\xe0\xa7\x8d\xe0\xa6\x9f\xe0\xa7\x8d\xe0\xa6\xb0\xe0\xa6\xbf\xe0\xa6\xb8 \xe0\xa6\xb2\xe0\xa6\xbf:'
b'Top - Janani Green Color Ball Pen -12 Pcs',b'Tk.68',b'\xe0\xa6\x9f\xe0\xa6\xaa-\xe0\xa6\xaa\xe0\xa7\x87\xe0\xa6\xa8 \xe0\xa6\x8f\xe0\xa6\xa8\xe0\xa7\x8d\xe0\xa6\xa1 \xe0\xa6\xb8\xe0\xa7\x8d\xe0\xa6\x9f\xe0\xa7\x87\xe0\xa6\xb6\xe0\xa6\xa8\xe0\xa6\xbe\xe0\xa6\xb0\xe0\xa7\x80 \xe0\xa6\x87\xe0\xa6\xa8\xe0\xa7\x8d\xe0\xa6\xa1\xe0\xa6\xbe\xe0\xa6\xb8\xe0\xa7\x8d\xe0\xa6\x9f\xe0\xa7\x8d\xe0\xa6\xb0\xe0\xa6\xbf\xe0\xa6\xb8 \xe0\xa6\xb2\xe0\xa6\xbf:'
b'Top Merit Ball Pen Blue Color -12 Pcs',b'Tk.60',b'\xe0\xa6\x9f\xe0\xa6\xaa-\xe0\xa6\xaa\xe0\xa7\x87\xe0\xa6\xa8 \xe0\xa6\x8f\xe0\xa6\xa8\xe0\xa7\x8d\xe0\xa6\xa1 \xe0\xa6\xb8\xe0\xa7\x8d\xe0\xa6\x9f\xe0\xa7\x87\xe0\xa6\xb6\xe0\xa6\xa8\xe0\xa6\xbe\xe0\xa6\xb0\xe0\xa7\x80 \xe0\xa6\x87\xe0\xa6\xa8\xe0\xa7\x8d\xe0\xa6\xa1\xe0\xa6\xbe\xe0\xa6\xb8\xe0\xa7\x8d\xe0\xa6\x9f\xe0\xa7\x8d\xe0\xa6\xb0\xe0\xa6\xbf\xe0\xa6\xb8 \xe0\xa6\xb2\xe0\xa6\xbf:'
b'Top - Janani Fast Gel Pen -5 Pcs - Black Ink',b'Tk.50',b'\xe0\xa6\x9f\xe0\xa6\xaa-\xe0\xa6\xaa\xe0\xa7\x87\xe0\xa6\xa8 \xe0\xa6\x8f\xe0\xa6\xa8\xe0\xa7\x8d\xe0\xa6\xa1 \xe0\xa6\xb8\xe0\xa7\x8d\xe0\xa6\x9f\xe0\xa7\x87\xe0\xa6\xb6\xe0\xa6\xa8\xe0\xa6\xbe\xe0\xa6\xb0\xe0\xa7\x80 \xe0\xa6\x87\xe0\xa6\xa8\xe0\xa7\x8d\xe0\xa6\xa1\xe0\xa6\xbe\xe0\xa6\xb8\xe0\xa7\x8d\xe0\xa6\x9f\xe0\xa7\x8d\xe0\xa6\xb0\xe0\xa6\xbf\xe0\xa6\xb8 \xe0\xa6\xb2\xe0\xa6\xbf:'
b'Top Pencilic BallPoint Pen - 20Pcs',b'Tk.90',b'\xe0\xa6\x9f\xe0\xa6\xaa-\xe0\xa6\xaa\xe0\xa7\x87\xe0\xa6\xa8 \xe0\xa6\x8f\xe0\xa6\xa8\xe0\xa7\x8d\xe0\xa6\xa1 \xe0\xa6\xb8\xe0\xa7\x8d\xe0\xa6\x9f\xe0\xa7\x87\xe0\xa6\xb6\xe0\xa6\xa8\xe0\xa6\xbe\xe0\xa6\xb0\xe0\xa7\x80 \xe0\xa6\x87\xe0\xa6\xa8\xe0\xa7\x8d\xe0\xa6\xa1\xe0\xa6\xbe\xe0\xa6\xb8\xe0\xa7\x8d\xe0\xa6\x9f\xe0\xa7\x8d\xe0\xa6\xb0\xe0\xa6\xbf\xe0\xa6\xb8 \xe0\xa6\xb2\xe0\xa6\xbf:'
b'Top-Teen Ball Pen - 6 Pcs',b'Tk.30',b'\xe0\xa6\x9f\xe0\xa6\xaa-\xe0\xa6\xaa\xe0\xa7\x87\xe0\xa6\xa8 \xe0\xa6\x8f\xe0\xa6\xa8\xe0\xa7\x8d\xe0\xa6\xa1 \xe0\xa6\xb8\xe0\xa7\x8d\xe0\xa6\x9f\xe0\xa7\x87\xe0\xa6\xb6\xe0\xa6\xa8\xe0\xa6\xbe\xe0\xa6\xb0\xe0\xa7\x80 \xe0\xa6\x87\xe0\xa6\xa8\xe0\xa7\x8d\xe0\xa6\xa1\xe0\xa6\xbe\xe0\xa6\xb8\xe0\xa7\x8d\xe0\xa6\x9f\xe0\xa7\x8d\xe0\xa6\xb0\xe0\xa6\xbf\xe0\xa6\xb8 \xe0\xa6\xb2\xe0\xa6\xbf:'
b'Top Merit Ballpoint Pen -12pcs  (Black Ink)',b'Tk.60',b'\xe0\xa6\x9f\xe0\xa6\xaa-\xe0\xa6\xaa\xe0\xa7\x87\xe0\xa6\xa8 \xe0\xa6\x8f\xe0\xa6\xa8\xe0\xa7\x8d\xe0\xa6\xa1 \xe0\xa6\xb8\xe0\xa7\x8d\xe0\xa6\x9f\xe0\xa7\x87\xe0\xa6\xb6\xe0\xa6\xa8\xe0\xa6\xbe\xe0\xa6\xb0\xe0\xa7\x80 \xe0\xa6\x87\xe0\xa6\xa8\xe0\xa7\x8d\xe0\xa6\xa1\xe0\xa6\xbe\xe0\xa6\xb8\xe0\xa7\x8d\xe0\xa6\x9f\xe0\xa7\x8d\xe0\xa6\xb0\xe0\xa6\xbf\xe0\xa6\xb8 \xe0\xa6\xb2\xe0\xa6\xbf:'
b'Top Ideal Ball Pen - 6Pcs (Black ink)',b'Tk.43',b'\xe0\xa6\x9f\xe0\xa6\xaa-\xe0\xa6\xaa\xe0\xa7\x87\xe0\xa6\xa8 \xe0\xa6\x8f\xe0\xa6\xa8\xe0\xa7\x8d\xe0\xa6\xa1 \xe0\xa6\xb8\xe0\xa7\x8d\xe0\xa6\x9f\xe0\xa7\x87\xe0\xa6\xb6\xe0\xa6\xa8\xe0\xa6\xbe\xe0\xa6\xb0\xe0\xa7\x80 \xe0\xa6\x87\xe0\xa6\xa8\xe0\xa7\x8d\xe0\xa6\xa1\xe0\xa6\xbe\xe0\xa6\xb8\xe0\xa7\x8d\xe0\xa6\x9f\xe0\xa7\x8d\xe0\xa6\xb0\xe0\xa6\xbf\xe0\xa6\xb8 \xe0\xa6\xb2\xe0\xa6\xbf:'
b'Top - Janani Touch and Take Ball Pen - 5Pcs (Black Ink)',b'Tk.36',b'\xe0\xa6\x9f\xe0\xa6\xaa-\xe0\xa6\xaa\xe0\xa7\x87\xe0\xa6\xa8 \xe0\xa6\x8f\xe0\xa6\xa8\xe0\xa7\x8d\xe0\xa6\xa1 \xe0\xa6\xb8\xe0\xa7\x8d\xe0\xa6\x9f\xe0\xa7\x87\xe0\xa6\xb6\xe0\xa6\xa8\xe0\xa6\xbe\xe0\xa6\xb0\xe0\xa7\x80 \xe0\xa6\x87\xe0\xa6\xa8\xe0\xa7\x8d\xe0\xa6\xa1\xe0\xa6\xbe\xe0\xa6\xb8\xe0\xa7\x8d\xe0\xa6\x9f\xe0\xa7\x8d\xe0\xa6\xb0\xe0\xa6\xbf\xe0\xa6\xb8 \xe0\xa6\xb2\xe0\xa6\xbf:'
b'Top Choco Choco Ball Point Pen -12 Pcs (Black Ink)',b'Tk.60',b'\xe0\xa6\x9f\xe0\xa6\xaa-\xe0\xa6\xaa\xe0\xa7\x87\xe0\xa6\xa8 \xe0\xa6\x8f\xe0\xa6\xa8\xe0\xa7\x8d\xe0\xa6\xa1 \xe0\xa6\xb8\xe0\xa7\x8d\xe0\xa6\x9f\xe0\xa7\x87\xe0\xa6\xb6\xe0\xa6\xa8\xe0\xa6\xbe\xe0\xa6\xb0\xe0\xa7\x80 \xe0\xa6\x87\xe0\xa6\xa8\xe0\xa7\x8d\xe0\xa6\xa1\xe0\xa6\xbe\xe0\xa6\xb8\xe0\xa7\x8d\xe0\xa6\x9f\xe0\xa7\x8d\xe0\xa6\xb0\xe0\xa6\xbf\xe0\xa6\xb8 \xe0\xa6\xb2\xe0\xa6\xbf:'
b'Top Icon Ball Pen - 06 Pcs (Black ink)',b'Tk.57',b'\xe0\xa6\x9f\xe0\xa6\xaa-\xe0\xa6\xaa\xe0\xa7\x87\xe0\xa6\xa8 \xe0\xa6\x8f\xe0\xa6\xa8\xe0\xa7\x8d\xe0\xa6\xa1 \xe0\xa6\xb8\xe0\xa7\x8d\xe0\xa6\x9f\xe0\xa7\x87\xe0\xa6\xb6\xe0\xa6\xa8\xe0\xa6\xbe\xe0\xa6\xb0\xe0\xa7\x80 \xe0\xa6\x87\xe0\xa6\xa8\xe0\xa7\x8d\xe0\xa6\xa1\xe0\xa6\xbe\xe0\xa6\xb8\xe0\xa7\x8d\xe0\xa6\x9f\xe0\xa7\x8d\xe0\xa6\xb0\xe0\xa6\xbf\xe0\xa6\xb8 \xe0\xa6\xb2\xe0\xa6\xbf:'
b'Matador Fiction Gel Pen - 01 Pcs ( a Perfect gift)',b'Tk.40',b'Matador Group'
b'Matador i-teen Color Pencil - Full Size (13 Color)',b'Tk.100',b'Matador Group'
b'Matador i-teen Oil Pastel -small  (12 Color)',b'Tk.103',b'Matador Group'
b'Matador Double Decker Pencil Box-01 Pcs',b'Tk.80',b'Matador Group'
b'Matador i-teen Oil Pastel - Big 24 Color',b'Tk.209',b'Matador Group'
b'Matador Pencil Box (Small)-01 Pcs',b'Tk.35',b'Matador Group'
b'Matador i-teen Smart Geometry Box-1 Set',b'Tk.160',b'Matador Group'
b'Matador i-teen Geometry Box-1 Set',b'Tk.110',b'Matador Group'
"b'Pen Combo Package Half Yearly for Student - 02 (Econo Occen Pen - 05 Pcs, Econo Champ Pen - 10 Pcs, Econo Dx Teen - 20 Pcs)'",b'Tk.190',b'GQ Ball Pen Industries'
b'Hearts Drawing Book (Large)',b'Tk.70',b'Hearts Bangladesh'
b'Castle Pencil Pen (Black body) (20  Pcs)',b'Tk.100',b'GQ Ball Pen Industries'
b'Econo Trendy Pen (10 Pcs)',b'Tk.50',b'GQ Ball Pen Industries'
b'Econo Exam Pen (Black - 6 Pcs)',b'Tk.48',b'GQ Ball Pen Industries'
b'Econo Full Time Pen (6 Pcs)',b'Tk.36',b'GQ Ball Pen Industries'
b'Econo Soft Grip Pen (10 Pcs)',b'Tk.80',b'GQ Ball Pen Industries'
b'Econo FX Plus Pen (12 Pcs)',b'Tk.60',b'GQ Ball Pen Industries'
b'Econo FX Pen (Black - 12 Pcs)',b'Tk.60',b'GQ Ball Pen Industries'
b'GQ Genius Pen (10 Pcs)',b'Tk.50',b'GQ Ball Pen Industries'
